UTC Time,Time,Angle,Confidence
2025-04-17T20:28:24.323,8.16002082824707,8.027237510431949,
2025-04-17T20:28:24.421,8.258090019226074,,0.0
2025-04-17T20:28:24.522,8.358557224273682,,0.0
2025-04-17T20:28:24.622,8.459223985671997,,0.0
2025-04-17T20:28:24.723,8.559619903564453,186.41084002023246,
2025-04-17T20:28:24.823,8.659703016281128,181.3803540734444,
2025-04-17T20:28:24.923,8.759602069854736,,0.0
2025-04-17T20:28:25.023,8.859583854675293,,0.0
2025-04-17T20:28:25.123,8.959367036819458,,0.0
2025-04-17T20:28:25.223,9.059453010559082,-0.7161599454701503,
2025-04-17T20:28:25.323,9.159801959991455,-4.820766078092687,
2025-04-17T20:28:25.423,9.259485006332397,,0.0
2025-04-17T20:28:25.522,9.35890817642212,,0.0
2025-04-17T20:28:25.622,9.458879947662354,,0.0
2025-04-17T20:28:25.723,9.559692859649658,,0.0
2025-04-17T20:28:25.822,9.659197092056274,188.68635458123666,
2025-04-17T20:28:25.923,9.759366035461426,172.26640190097717,
2025-04-17T20:28:26.022,9.859014987945557,,0.0
2025-04-17T20:28:26.122,9.958919048309326,,0.0
2025-04-17T20:28:26.221,10.05817198753357,,0.0
2025-04-17T20:28:26.322,10.158777952194214,-3.0940580589171134,
2025-04-17T20:28:26.522,10.358780145645142,,0.0
2025-04-17T20:28:26.621,10.45796012878418,,0.0
2025-04-17T20:28:26.722,10.558793067932129,,0.0
2025-04-17T20:28:26.822,10.658774852752686,,0.0
2025-04-17T20:28:26.922,10.75875186920166,183.4473868518652,
2025-04-17T20:28:27.022,10.858680009841919,,0.0
2025-04-17T20:28:27.122,10.958849906921387,,0.0
2025-04-17T20:28:27.222,11.058789014816284,,0.0
2025-04-17T20:28:27.322,11.158411979675293,,0.0
2025-04-17T20:28:27.422,11.258872032165527,-3.6214847041172984,
2025-04-17T20:28:27.522,11.35857605934143,14.560275619356869,
2025-04-17T20:28:27.622,11.458806037902832,,0.0
2025-04-17T20:28:27.720,11.55722689628601,,0.0
2025-04-17T20:28:27.821,11.658138036727905,,0.0
2025-04-17T20:28:27.919,11.75622010231018,184.93921554212622,
2025-04-17T20:28:28.022,11.859118938446045,,0.0
2025-04-17T20:28:28.120,11.957070112228394,,0.0
2025-04-17T20:28:28.221,12.057693004608154,,0.0
2025-04-17T20:28:28.321,12.157877922058105,,0.0
2025-04-17T20:28:28.420,12.257220983505249,-2.7927023657133487,
2025-04-17T20:28:28.621,12.457612991333008,,0.0
2025-04-17T20:28:28.721,12.557372093200684,,0.0
2025-04-17T20:28:28.821,12.657371997833252,,0.0
2025-04-17T20:28:28.921,12.757650136947632,,0.0
2025-04-17T20:28:29.021,12.8576180934906,181.3478872801986,
2025-04-17T20:28:29.121,12.957825899124146,,0.0
2025-04-17T20:28:29.221,13.057629108428955,,0.0
2025-04-17T20:28:29.319,13.155976057052612,,0.0
2025-04-17T20:28:29.421,13.257816076278687,,0.0
2025-04-17T20:28:29.521,13.357721090316772,-4.289153328819096,
2025-04-17T20:28:29.621,13.45788311958313,,0.0
2025-04-17T20:28:29.721,13.55777096748352,,0.0
2025-04-17T20:28:29.821,13.65791392326355,,0.0
2025-04-17T20:28:29.921,13.757501125335693,,0.0
2025-04-17T20:28:30.021,13.857985019683838,182.51687565693962,
2025-04-17T20:28:30.121,13.957643032073975,173.04704253182612,
2025-04-17T20:28:30.221,14.057811975479126,,0.0
2025-04-17T20:28:30.320,14.157279014587402,,0.0
2025-04-17T20:28:30.420,14.257292985916138,,0.0
2025-04-17T20:28:30.520,14.357250928878784,,0.0
2025-04-17T20:28:30.620,14.457290887832642,1.3639275316029231,
2025-04-17T20:28:30.721,14.557459831237793,,0.0
2025-04-17T20:28:30.820,14.657170057296753,,0.0
2025-04-17T20:28:30.920,14.757099866867065,,0.0
2025-04-17T20:28:31.019,14.855746984481812,,0.0
2025-04-17T20:28:31.120,14.957225799560547,183.86546116985176,
2025-04-17T20:28:31.220,15.057039976119995,,0.0
2025-04-17T20:28:31.321,15.15743613243103,,0.0
2025-04-17T20:28:31.420,15.2572500705719,,0.0
2025-04-17T20:28:31.520,15.356322050094604,,0.0
2025-04-17T20:28:31.620,15.456961870193481,-4.267893300290857,
2025-04-17T20:28:31.718,15.554490089416504,,0.0
2025-04-17T20:28:31.818,15.654969930648804,,0.0
2025-04-17T20:28:31.918,15.75489616394043,,0.0
2025-04-17T20:28:32.019,15.855998992919922,,0.0
2025-04-17T20:28:32.120,15.956834077835083,184.3987053549955,
2025-04-17T20:28:32.220,16.056899070739746,,0.0
2025-04-17T20:28:32.320,16.156590938568115,,0.0
2025-04-17T20:28:32.420,16.256327152252197,,0.0
2025-04-17T20:28:32.520,16.356791973114014,,0.0
2025-04-17T20:28:32.620,16.456834077835083,-9.950626687951624,
2025-04-17T20:28:32.718,16.554751873016357,,0.0
2025-04-17T20:28:32.819,16.656041860580444,,0.0
2025-04-17T20:28:32.919,16.756304025650024,,0.0
2025-04-17T20:28:33.020,16.856476068496704,,0.0
2025-04-17T20:28:33.118,16.954501152038574,,0.0
2025-04-17T20:28:33.219,17.055529832839966,,0.0
2025-04-17T20:28:33.319,17.156217098236084,,0.0
2025-04-17T20:28:33.419,17.25628685951233,,0.0
2025-04-17T20:28:33.519,17.35576319694519,,0.0
2025-04-17T20:28:33.619,17.456207990646362,,0.0
2025-04-17T20:28:33.719,17.55621600151062,-1.6135389328810918,
2025-04-17T20:28:33.819,17.656232833862305,,0.0
2025-04-17T20:28:33.919,17.75598406791687,,0.0
2025-04-17T20:28:34.018,17.85520887374878,,0.0
2025-04-17T20:28:34.119,17.955952167510986,,0.0
2025-04-17T20:28:34.219,18.05575394630432,,0.0
2025-04-17T20:28:34.318,18.154941082000732,,0.0
2025-04-17T20:28:34.419,18.25625991821289,,0.0
2025-04-17T20:28:34.519,18.355478048324585,,0.0
2025-04-17T20:28:34.619,18.455498933792114,,0.0
2025-04-17T20:28:34.719,18.55571699142456,,0.0
2025-04-17T20:28:34.819,18.65555715560913,,0.0
2025-04-17T20:28:34.919,18.755428075790405,,0.0
2025-04-17T20:28:35.019,18.85557198524475,,0.0
2025-04-17T20:28:35.118,18.955302000045776,,0.0
2025-04-17T20:28:35.219,19.055431127548218,,0.0
2025-04-17T20:28:35.318,19.15480899810791,,0.0
2025-04-17T20:28:35.419,19.255433082580566,,0.0
2025-04-17T20:28:35.519,19.35564684867859,88.51213247117222,
2025-04-17T20:28:35.618,19.455119132995605,,0.0
2025-04-17T20:28:35.718,19.555230140686035,,0.0
2025-04-17T20:28:35.818,19.654874086380005,,0.0
2025-04-17T20:28:35.919,19.755422830581665,,0.0
2025-04-17T20:28:36.019,19.85558295249939,,0.0
2025-04-17T20:28:36.118,19.95499897003174,,0.0
2025-04-17T20:28:36.218,20.05514407157898,,0.0
2025-04-17T20:28:36.318,20.15461301803589,,0.0
2025-04-17T20:28:36.418,20.25513219833374,,0.0
2025-04-17T20:28:36.518,20.35495686531067,,0.0
2025-04-17T20:28:36.618,20.45474410057068,,0.0
2025-04-17T20:28:36.718,20.555012941360474,,0.0
2025-04-17T20:28:36.818,20.654983043670654,,0.0
2025-04-17T20:28:36.918,20.75481414794922,,0.0
2025-04-17T20:28:37.018,20.85528016090393,,0.0
2025-04-17T20:28:37.118,20.955074071884155,,0.0
2025-04-17T20:28:37.218,21.05489706993103,,0.0
2025-04-17T20:28:37.318,21.154783010482788,,0.0
2025-04-17T20:28:37.417,21.254269123077393,,0.0
2025-04-17T20:28:37.519,21.355315923690796,,0.0
2025-04-17T20:28:37.618,21.455177068710327,,0.0
2025-04-17T20:28:37.718,21.55449891090393,,0.0
2025-04-17T20:28:37.818,21.654783964157104,,0.0
2025-04-17T20:28:37.918,21.754411935806274,,0.0
2025-04-17T20:28:38.018,21.854451179504395,,0.0
2025-04-17T20:28:38.117,21.95387315750122,,0.0
2025-04-17T20:28:38.217,22.054056882858276,,0.0
2025-04-17T20:28:38.317,22.153754949569702,,0.0
2025-04-17T20:28:38.417,22.253700971603394,,0.0
2025-04-17T20:28:38.517,22.353924036026,,0.0
2025-04-17T20:28:38.617,22.454176902770996,,0.0
2025-04-17T20:28:38.717,22.554206132888794,,0.0
2025-04-17T20:28:38.817,22.65390706062317,,0.0
2025-04-17T20:28:38.917,22.753873109817505,,0.0
2025-04-17T20:28:39.017,22.85404109954834,,0.0
2025-04-17T20:28:39.117,22.953722953796387,,0.0
2025-04-17T20:28:39.217,23.05386996269226,,0.0
2025-04-17T20:28:39.315,23.151789903640747,,0.0
2025-04-17T20:28:39.416,23.252700090408325,,0.0
2025-04-17T20:28:39.515,23.35199809074402,,0.0
2025-04-17T20:28:39.617,23.454020977020264,88.53119928561418,
2025-04-17T20:28:39.717,23.553789138793945,,0.0
2025-04-17T20:28:39.817,23.653357982635498,,0.0
2025-04-17T20:28:39.915,23.752177000045776,,0.0
2025-04-17T20:28:40.017,23.854029893875122,,0.0
2025-04-17T20:28:40.117,23.95356798171997,92.86240522611175,
2025-04-17T20:28:40.217,24.05359983444214,,0.0
2025-04-17T20:28:40.317,24.153379917144775,,0.0
2025-04-17T20:28:40.416,24.253114938735962,,0.0
2025-04-17T20:28:40.517,24.353473901748657,,0.0
2025-04-17T20:28:40.617,24.453350067138672,,0.0
2025-04-17T20:28:40.717,24.553465127944946,,0.0
2025-04-17T20:28:40.816,24.653011083602905,-11.888658039627998,
2025-04-17T20:28:40.916,24.753269910812378,,0.0
2025-04-17T20:28:41.016,24.85297393798828,,0.0
2025-04-17T20:28:41.117,24.953320026397705,93.9004937423819,
2025-04-17T20:28:41.216,25.052868127822876,,0.0
2025-04-17T20:28:41.316,25.153239965438843,,0.0
2025-04-17T20:28:41.416,25.25259518623352,,0.0
2025-04-17T20:28:41.516,25.352555990219116,,0.0
2025-04-17T20:28:41.616,25.452454090118408,91.30195267257888,
2025-04-17T20:28:41.717,25.55331301689148,,0.0
2025-04-17T20:28:41.816,25.652958154678345,,0.0
2025-04-17T20:28:41.916,25.75304102897644,,0.0
2025-04-17T20:28:42.016,25.853036880493164,,0.0
2025-04-17T20:28:42.116,25.952476024627686,,0.0
2025-04-17T20:28:42.216,26.05295991897583,,0.0
2025-04-17T20:28:42.316,26.152525901794434,,0.0
2025-04-17T20:28:42.416,26.252328872680664,,0.0
2025-04-17T20:28:42.516,26.352612018585205,,0.0
2025-04-17T20:28:42.616,26.452653884887695,91.46880071438582,
2025-04-17T20:28:42.716,26.552804946899414,84.47245984834383,
2025-04-17T20:28:42.816,26.652750968933105,,0.0
2025-04-17T20:28:42.915,26.751945972442627,,0.0
2025-04-17T20:28:43.015,26.85205602645874,,0.0
2025-04-17T20:28:43.116,26.95248293876648,,0.0
2025-04-17T20:28:43.216,27.05242109298706,,0.0
2025-04-17T20:28:43.316,27.15248203277588,,0.0
2025-04-17T20:28:43.415,27.251874923706055,,0.0
2025-04-17T20:28:43.515,27.35162115097046,,0.0
2025-04-17T20:28:43.616,27.452373027801514,,0.0
2025-04-17T20:28:43.716,27.55233597755432,,0.0
2025-04-17T20:28:43.815,27.652286052703857,,0.0
2025-04-17T20:28:43.915,27.751895904541016,,0.0
2025-04-17T20:28:44.015,27.852126121520996,,0.0
2025-04-17T20:28:44.116,27.952510118484497,88.47247455778707,
2025-04-17T20:28:44.215,28.051783084869385,,0.0
2025-04-17T20:28:44.315,28.152188062667847,,0.0
2025-04-17T20:28:44.415,28.25172185897827,,0.0
2025-04-17T20:28:44.514,28.351290941238403,,0.0
2025-04-17T20:28:44.615,28.451979875564575,,0.0
2025-04-17T20:28:44.715,28.551789045333862,86.7754773934801,
2025-04-17T20:28:44.815,28.65174913406372,,0.0
2025-04-17T20:28:44.915,28.75190281867981,-16.260204708311967,0.8943787015974521
2025-04-17T20:28:45.015,28.85189390182495,,0.0
2025-04-17T20:28:45.115,28.951471090316772,,0.0
2025-04-17T20:28:45.215,29.051508903503418,99.46232220802563,
2025-04-17T20:28:45.315,29.151777982711792,,0.0
2025-04-17T20:28:45.414,29.25076913833618,,0.0
2025-04-17T20:28:45.514,29.350743055343628,,0.0
2025-04-17T20:28:45.615,29.451436042785645,,0.0
2025-04-17T20:28:45.715,29.551589965820312,85.60129464500446,
2025-04-17T20:28:45.815,29.65159797668457,,0.0
2025-04-17T20:28:45.914,29.75107502937317,4.236394799058849,0.9020473383367061
2025-04-17T20:28:46.014,29.851160049438477,33.6900675259798,
2025-04-17T20:28:46.114,29.951233863830566,,0.0
2025-04-17T20:28:46.214,30.051109075546265,99.00850374202516,0.9331881240010261
2025-04-17T20:28:46.314,30.150989055633545,,0.0
2025-04-17T20:28:46.413,30.249932050704956,,0.0
2025-04-17T20:28:46.514,30.350568771362305,,0.0
2025-04-17T20:28:46.614,30.45087504386902,,0.0
2025-04-17T20:28:46.714,30.550580978393555,86.37851529588266,
2025-04-17T20:28:46.814,30.650636911392212,,0.0
2025-04-17T20:28:46.914,30.750631093978882,,0.0
2025-04-17T20:28:47.014,30.85062289237976,,0.0
2025-04-17T20:28:47.114,30.950628995895386,,0.0
2025-04-17T20:28:47.214,31.05071187019348,95.5721978039638,
2025-04-17T20:28:47.314,31.15070605278015,,0.0
2025-04-17T20:28:47.414,31.2504620552063,,0.0
2025-04-17T20:28:47.513,31.3502459526062,,0.0
2025-04-17T20:28:47.614,31.450788974761963,,0.0
2025-04-17T20:28:47.714,31.550360918045044,85.86532862626358,
2025-04-17T20:28:47.814,31.650513172149658,,0.0
2025-04-17T20:28:47.914,31.750365018844604,2.663000766067174,0.9815739601850509
2025-04-17T20:28:48.013,31.850255966186523,,0.0
2025-04-17T20:28:48.114,31.950402975082397,,0.0
2025-04-17T20:28:48.214,32.05050206184387,,0.0
2025-04-17T20:28:48.313,32.150195837020874,,0.0
2025-04-17T20:28:48.413,32.25011491775513,,0.0
2025-04-17T20:28:48.513,32.34940791130066,,0.0
2025-04-17T20:28:48.613,32.45024919509888,,0.0
2025-04-17T20:28:48.713,32.55004692077637,82.67359333983046,
2025-04-17T20:28:48.813,32.649872064590454,,0.0
2025-04-17T20:28:48.913,32.74983811378479,,0.0
2025-04-17T20:28:49.013,32.84997487068176,,0.0
2025-04-17T20:28:49.113,32.94945979118347,,0.0
2025-04-17T20:28:49.213,33.04985690116882,98.84181456019168,
2025-04-17T20:28:49.313,33.14959001541138,,0.0
2025-04-17T20:28:49.412,33.249298095703125,,0.0
2025-04-17T20:28:49.512,33.34899020195007,,0.0
2025-04-17T20:28:49.613,33.44963097572327,,0.0
2025-04-17T20:28:49.713,33.549623012542725,,0.0
2025-04-17T20:28:49.813,33.64931392669678,,0.0
2025-04-17T20:28:49.912,33.74924898147583,,0.0
2025-04-17T20:28:50.013,33.84958505630493,,0.0
2025-04-17T20:28:50.112,33.94857478141785,,0.0
2025-04-17T20:28:50.212,34.04866409301758,,0.0
2025-04-17T20:28:50.312,34.14918112754822,,0.0
2025-04-17T20:28:50.412,34.24837112426758,,0.0
2025-04-17T20:28:50.512,34.34851098060608,,0.0
2025-04-17T20:28:50.612,34.449061155319214,,0.0
2025-04-17T20:28:50.711,34.547961950302124,81.51105611949528,
2025-04-17T20:28:50.811,34.64744806289673,,0.0
2025-04-17T20:28:50.911,34.74749517440796,,0.0
2025-04-17T20:28:51.011,34.84748196601868,,0.0
2025-04-17T20:28:51.112,34.94892883300781,,0.0
2025-04-17T20:28:51.212,35.048612117767334,,0.0
2025-04-17T20:28:51.312,35.14866900444031,,0.0
2025-04-17T20:28:51.412,35.2484290599823,,0.0
2025-04-17T20:28:51.512,35.34841704368591,,0.0
2025-04-17T20:28:51.612,35.448413133621216,,0.0
2025-04-17T20:28:51.712,35.548555850982666,,0.0
2025-04-17T20:28:51.811,35.647741079330444,,0.0
2025-04-17T20:28:51.911,35.74825692176819,,0.0
2025-04-17T20:28:52.011,35.84744596481323,,0.0
2025-04-17T20:28:52.112,35.94833302497864,,0.0
2025-04-17T20:28:52.212,36.04840111732483,,0.0
2025-04-17T20:28:52.311,36.1482310295105,,0.0
2025-04-17T20:28:52.412,36.248579025268555,,0.0
2025-04-17T20:28:52.511,36.347381830215454,,0.0
2025-04-17T20:28:52.611,36.448094844818115,,0.0
2025-04-17T20:28:52.711,36.54781794548035,80.07375449334829,
2025-04-17T20:28:52.812,36.64843702316284,,0.0
2025-04-17T20:28:52.911,36.74774503707886,,0.0
2025-04-17T20:28:53.011,36.84794306755066,,0.0
2025-04-17T20:28:53.111,36.9476101398468,,0.0
2025-04-17T20:28:53.211,37.04759383201599,,0.0
2025-04-17T20:28:53.311,37.14757704734802,,0.0
2025-04-17T20:28:53.411,37.24764895439148,,0.0
2025-04-17T20:28:53.511,37.347315073013306,,0.0
2025-04-17T20:28:53.611,37.44759798049927,,0.0
2025-04-17T20:28:53.711,37.547958850860596,,0.0
2025-04-17T20:28:53.811,37.6474769115448,32.4123066183512,
2025-04-17T20:28:53.911,37.74774384498596,,0.0
2025-04-17T20:28:54.010,37.847203969955444,,0.0
2025-04-17T20:28:54.110,37.9470911026001,,0.0
2025-04-17T20:28:54.210,38.04719400405884,,0.0
2025-04-17T20:28:54.310,38.14685678482056,,0.0
2025-04-17T20:28:54.410,38.246888160705566,,0.0
2025-04-17T20:28:54.510,38.34721088409424,,0.0
2025-04-17T20:28:54.610,38.44678997993469,,0.0
2025-04-17T20:28:54.710,38.547024965286255,,0.0
2025-04-17T20:28:54.810,38.64698791503906,29.845931949687394,
2025-04-17T20:28:54.910,38.746745109558105,11.04094018032372,
2025-04-17T20:28:55.011,38.848146200180054,25.906507999514382,0.727641012064472
2025-04-17T20:28:55.110,38.94671988487244,,0.0
2025-04-17T20:28:55.210,39.04676079750061,,0.0
2025-04-17T20:28:55.310,39.14644002914429,,0.0
2025-04-17T20:28:55.410,39.24645185470581,170.99149625797486,
2025-04-17T20:28:55.510,39.34648108482361,,0.0
2025-04-17T20:28:55.610,39.446372985839844,,0.0
2025-04-17T20:28:55.710,39.54652786254883,,0.0
2025-04-17T20:28:55.810,39.64639186859131,24.92847413546126,
2025-04-17T20:28:55.909,39.74614906311035,10.784297867562596,
2025-04-17T20:28:56.009,39.84611511230469,,0.0
2025-04-17T20:28:56.109,39.94621300697327,,0.0
2025-04-17T20:28:56.209,40.04603695869446,,0.0
2025-04-17T20:28:56.309,40.14622902870178,,0.0
2025-04-17T20:28:56.409,40.24620294570923,171.30449712257527,
2025-04-17T20:28:56.510,40.34638500213623,154.47030200946693,
2025-04-17T20:28:56.609,40.44599008560181,,0.0
2025-04-17T20:28:56.709,40.54620695114136,,0.0
2025-04-17T20:28:56.809,40.645654916763306,,0.0
2025-04-17T20:28:56.909,40.74596095085144,12.042575142885008,
2025-04-17T20:28:57.009,40.84591102600098,30.465544919459887,
2025-04-17T20:28:57.111,40.94749689102173,,0.0
2025-04-17T20:28:57.209,41.045819997787476,,0.0
2025-04-17T20:28:57.309,41.14594388008118,,0.0
2025-04-17T20:28:57.411,41.247347831726074,169.42647658143903,
2025-04-17T20:28:57.508,41.34508299827576,149.2810957359708,
2025-04-17T20:28:57.609,41.445886850357056,,0.0
2025-04-17T20:28:57.708,41.54501485824585,,0.0
2025-04-17T20:28:57.809,41.645456075668335,,0.0
2025-04-17T20:28:57.909,41.745598793029785,9.246112745563272,
2025-04-17T20:28:58.008,41.845293045043945,,0.0
2025-04-17T20:28:58.108,41.94526505470276,,0.0
2025-04-17T20:28:58.209,42.04533910751343,,0.0
2025-04-17T20:28:58.308,42.14506697654724,,0.0
2025-04-17T20:28:58.408,42.24517011642456,167.47119229084848,
2025-04-17T20:28:58.508,42.34524893760681,,0.0
2025-04-17T20:28:58.608,42.44528293609619,,0.0
2025-04-17T20:28:58.708,42.545085191726685,,0.0
2025-04-17T20:28:58.808,42.64521908760071,,0.0
2025-04-17T20:28:58.908,42.74526882171631,19.119726329931144,
2025-04-17T20:28:59.008,42.845043897628784,,0.0
2025-04-17T20:28:59.109,42.946187019348145,,0.0
2025-04-17T20:28:59.208,43.045053005218506,,0.0
2025-04-17T20:28:59.308,43.144948959350586,167.7352262721076,
2025-04-17T20:28:59.408,43.24516010284424,167.60459316624156,
2025-04-17T20:28:59.510,43.34635400772095,,0.0
2025-04-17T20:28:59.608,43.444854974746704,,0.0
2025-04-17T20:28:59.708,43.54494786262512,,0.0
2025-04-17T20:28:59.808,43.64471220970154,14.381394591090594,
2025-04-17T20:28:59.910,43.746309995651245,17.265809495014608,
2025-04-17T20:29:00.007,43.84413003921509,49.553767979158636,0.9199512213468551
2025-04-17T20:29:00.108,43.944557905197144,,0.0
2025-04-17T20:29:00.210,44.04640984535217,,0.0
2025-04-17T20:29:00.308,44.14454221725464,,0.0
2025-04-17T20:29:00.408,44.244608879089355,165.06858282186244,
2025-04-17T20:29:00.509,44.34591293334961,,0.0
2025-04-17T20:29:00.608,44.444416999816895,,0.0
2025-04-17T20:29:00.708,44.54440903663635,,0.0
2025-04-17T20:29:00.808,44.64460897445679,17.39332214691203,
2025-04-17T20:29:00.909,44.7458701133728,18.904575842611635,
2025-04-17T20:29:01.009,44.845744132995605,,0.0
2025-04-17T20:29:01.107,44.9441020488739,,0.0
2025-04-17T20:29:01.207,45.04407501220703,,0.0
2025-04-17T20:29:01.342,45.17906403541565,170.77011375627225,
2025-04-17T20:29:01.442,45.27894997596741,,0.0
2025-04-17T20:29:01.542,45.37910008430481,,0.0
2025-04-17T20:29:01.607,45.444226026535034,,0.0
2025-04-17T20:29:01.742,45.57915210723877,,0.0
2025-04-17T20:29:01.841,45.67738890647888,21.18134950026624,
2025-04-17T20:29:01.940,45.77646517753601,37.43857157233304,
2025-04-17T20:29:02.042,45.87894892692566,,0.0
2025-04-17T20:29:02.142,45.97884511947632,,0.0
2025-04-17T20:29:02.242,46.07842493057251,,0.0
2025-04-17T20:29:02.342,46.178935050964355,168.55895613123255,
2025-04-17T20:29:02.442,46.27868986129761,,0.0
2025-04-17T20:29:02.508,46.34503793716431,,0.0
2025-04-17T20:29:02.643,46.479418992996216,,0.0
2025-04-17T20:29:02.741,46.57828497886658,,0.0
2025-04-17T20:29:02.842,46.678366899490356,12.61932229343077,
2025-04-17T20:29:02.942,46.77832007408142,46.1457628381751,
2025-04-17T20:29:03.040,46.87673592567444,,0.0
2025-04-17T20:29:03.139,46.975626945495605,,0.0
2025-04-17T20:29:03.241,47.07808208465576,161.80083494695458,
2025-04-17T20:29:03.341,47.177846908569336,,0.0
2025-04-17T20:29:03.441,47.27781796455383,,0.0
2025-04-17T20:29:03.540,47.37663197517395,,0.0
2025-04-17T20:29:03.641,47.47743201255798,,0.0
2025-04-17T20:29:03.741,47.577940940856934,21.139824808657657,
2025-04-17T20:29:03.841,47.677807092666626,18.970407808486552,
2025-04-17T20:29:03.941,47.77793908119202,,0.0
2025-04-17T20:29:04.041,47.877599000930786,,0.0
2025-04-17T20:29:04.141,47.97786998748779,,0.0
2025-04-17T20:29:04.208,48.044800996780396,,0.0
2025-04-17T20:29:04.341,48.17782998085022,159.81419699053512,
2025-04-17T20:29:04.441,48.27799606323242,,0.0
2025-04-17T20:29:04.541,48.37782001495361,,0.0
2025-04-17T20:29:04.641,48.47748398780823,,0.0
2025-04-17T20:29:04.740,48.577253103256226,19.119726329931144,
2025-04-17T20:29:04.841,48.67766213417053,27.582029207797156,
2025-04-17T20:29:04.941,48.77764010429382,,0.0
2025-04-17T20:29:05.041,48.877476930618286,,0.0
2025-04-17T20:29:05.140,48.977182149887085,,0.0
2025-04-17T20:29:05.240,49.077167987823486,168.6900675259798,
2025-04-17T20:29:05.341,49.17739796638489,151.15733986458793,
2025-04-17T20:29:05.440,49.27705907821655,,0.0
2025-04-17T20:29:05.541,49.3774151802063,,0.0
2025-04-17T20:29:05.640,49.47695302963257,,0.0
2025-04-17T20:29:05.741,49.57743501663208,19.259291643767163,
2025-04-17T20:29:05.840,49.677069902420044,,0.0
2025-04-17T20:29:05.941,49.77732706069946,,0.0
2025-04-17T20:29:06.040,49.87724685668945,,0.0
2025-04-17T20:29:06.140,49.97686004638672,,0.0
2025-04-17T20:29:06.240,50.0769829750061,167.5417535599951,
2025-04-17T20:29:06.340,50.17719483375549,,0.0
2025-04-17T20:29:06.440,50.27646780014038,,0.0
2025-04-17T20:29:06.540,50.37720012664795,,0.0
2025-04-17T20:29:06.640,50.47643685340881,,0.0
2025-04-17T20:29:06.740,50.57699012756348,20.725558865560533,
2025-04-17T20:29:06.840,50.67687201499939,46.35319195377969,
2025-04-17T20:29:06.940,50.77655291557312,,0.0
2025-04-17T20:29:07.040,50.87652611732483,,0.0
2025-04-17T20:29:07.137,50.97399115562439,167.30041551040264,
2025-04-17T20:29:07.240,51.07641315460205,160.99401580396324,
2025-04-17T20:29:07.340,51.17674493789673,,0.0
2025-04-17T20:29:07.440,51.276509046554565,,0.0
2025-04-17T20:29:07.538,51.374961137771606,,0.0
2025-04-17T20:29:07.638,51.475091218948364,21.250505507133255,
2025-04-17T20:29:07.738,51.57527709007263,25.377743861349167,
2025-04-17T20:29:07.838,51.67518496513367,,0.0
2025-04-17T20:29:07.937,51.773804903030396,,0.0
2025-04-17T20:29:08.038,51.87452507019043,,0.0
2025-04-17T20:29:08.139,51.97567415237427,167.957424857115,
2025-04-17T20:29:08.239,52.07556080818176,,0.0
2025-04-17T20:29:08.338,52.17476010322571,,0.0
2025-04-17T20:29:08.439,52.27549195289612,,0.0
2025-04-17T20:29:08.539,52.375507831573486,,0.0
2025-04-17T20:29:08.639,52.47542381286621,20.725558865560533,
2025-04-17T20:29:08.738,52.574350118637085,32.421064762506944,
2025-04-17T20:29:08.838,52.675276041030884,,0.0
2025-04-17T20:29:08.938,52.775174140930176,,0.0
2025-04-17T20:29:09.036,52.873128175735474,,0.0
2025-04-17T20:29:09.138,52.974478006362915,163.12373538328882,
2025-04-17T20:29:09.240,53.07638502120972,,0.0
2025-04-17T20:29:09.339,53.17607593536377,,0.0
2025-04-17T20:29:09.439,53.27602195739746,,0.0
2025-04-17T20:29:09.540,53.37683296203613,24.227745317954152,
2025-04-17T20:29:09.639,53.47604703903198,21.52260010790707,
2025-04-17T20:29:09.739,53.57537913322449,41.820169880135765,0.9030090369284153
2025-04-17T20:29:09.839,53.67589807510376,,0.0
2025-04-17T20:29:09.939,53.77567505836487,,0.0
2025-04-17T20:29:10.039,53.87557101249695,161.76750891929618,
2025-04-17T20:29:10.139,53.975565910339355,162.89727103094762,
2025-04-17T20:29:10.239,54.075501918792725,,0.0
2025-04-17T20:29:10.338,54.17523813247681,,0.0
2025-04-17T20:29:10.438,54.27478504180908,,0.0
2025-04-17T20:29:10.539,54.37548518180847,21.297354049033753,
2025-04-17T20:29:10.638,54.475061893463135,24.962789830807026,
2025-04-17T20:29:10.739,54.575448989868164,54.46232220802562,0.9073273636400699
2025-04-17T20:29:10.838,54.675052881240845,,0.0
2025-04-17T20:29:10.938,54.77499198913574,,0.0
2025-04-17T20:29:11.038,54.875288009643555,164.1406337333943,
2025-04-17T20:29:11.138,54.9748330116272,,0.0
2025-04-17T20:29:11.238,55.074825048446655,,0.0
2025-04-17T20:29:11.338,55.17501211166382,81.86989764584402,
2025-04-17T20:29:11.438,55.275123834609985,41.56636963754948,
2025-04-17T20:29:11.538,55.37476706504822,21.938480467706487,0.9082501851022243
2025-04-17T20:29:11.638,55.474668979644775,34.548367056011294,0.8031129122815032
2025-04-17T20:29:11.738,55.57443809509277,,0.0
2025-04-17T20:29:11.838,55.674514055252075,,0.0
2025-04-17T20:29:11.938,55.77490496635437,,0.0
2025-04-17T20:29:12.038,55.874480962753296,161.3654151225536,
2025-04-17T20:29:12.138,55.97480583190918,,0.0
2025-04-17T20:29:12.238,56.07454991340637,,0.0
2025-04-17T20:29:12.338,56.17478895187378,,0.0
2025-04-17T20:29:12.437,56.274230003356934,29.14807184571305,
2025-04-17T20:29:12.538,56.374528884887695,18.121860247901356,
2025-04-17T20:29:12.637,56.47426080703735,,0.0
2025-04-17T20:29:12.737,56.57425904273987,,0.0
2025-04-17T20:29:12.837,56.673486948013306,,0.0
2025-04-17T20:29:12.937,56.77397894859314,,0.0
2025-04-17T20:29:13.037,56.873523235321045,,0.0
2025-04-17T20:29:13.137,56.97342610359192,,0.0
2025-04-17T20:29:13.236,57.07237696647644,,0.0
2025-04-17T20:29:13.337,57.17355990409851,54.19665589162891,
2025-04-17T20:29:13.437,57.27346706390381,,0.0
2025-04-17T20:29:13.537,57.37340688705444,,0.0
2025-04-17T20:29:13.636,57.47283601760864,,0.0
2025-04-17T20:29:13.736,57.573188066482544,,0.0
2025-04-17T20:29:13.836,57.67328715324402,,0.0
2025-04-17T20:29:13.935,57.7722430229187,,0.0
2025-04-17T20:29:14.037,57.87341904640198,,0.0
2025-04-17T20:29:14.137,57.9735689163208,,0.0
2025-04-17T20:29:14.237,58.073609828948975,83.91147184580483,
2025-04-17T20:29:14.337,58.173624992370605,,0.0
2025-04-17T20:29:14.437,58.27394700050354,,0.0
2025-04-17T20:29:14.537,58.37353587150574,,0.0
2025-04-17T20:29:14.637,58.47364807128906,,0.0
2025-04-17T20:29:14.737,58.57335901260376,,0.0
2025-04-17T20:29:14.837,58.67345190048218,,0.0
2025-04-17T20:29:14.936,58.77327084541321,156.25050550713323,
2025-04-17T20:29:15.036,58.87324905395508,,0.0
2025-04-17T20:29:15.136,58.97323799133301,,0.0
2025-04-17T20:29:15.237,59.07334280014038,,0.0
2025-04-17T20:29:15.337,59.17341685295105,,0.0
2025-04-17T20:29:15.436,59.27279090881348,,0.0
2025-04-17T20:29:15.536,59.37308096885681,51.0724564072077,
2025-04-17T20:29:15.636,59.47326993942261,,0.0
2025-04-17T20:29:15.737,59.57334804534912,,0.0
2025-04-17T20:29:15.836,59.67309093475342,,0.0
2025-04-17T20:29:15.937,59.773330211639404,,0.0
2025-04-17T20:29:16.036,59.87301015853882,,0.0
2025-04-17T20:29:16.136,59.97311878204346,,0.0
2025-04-17T20:29:16.236,60.073052167892456,,0.0
2025-04-17T20:29:16.336,60.17291593551636,,0.0
2025-04-17T20:29:16.436,60.272634983062744,27.407575437818405,
2025-04-17T20:29:16.536,60.373013973236084,,0.0
2025-04-17T20:29:16.636,60.47267293930054,,0.0
2025-04-17T20:29:16.735,60.57217001914978,,0.0
2025-04-17T20:29:16.836,60.672402143478394,,0.0
2025-04-17T20:29:16.936,60.77297902107239,,0.0
2025-04-17T20:29:17.036,60.872653007507324,,0.0
2025-04-17T20:29:17.136,60.9727258682251,80.07375449334829,
2025-04-17T20:29:17.236,61.072396993637085,,0.0
2025-04-17T20:29:17.336,61.17283511161804,,0.0
2025-04-17T20:29:17.436,61.27275800704956,,0.0
2025-04-17T20:29:17.536,61.372328996658325,,0.0
2025-04-17T20:29:17.635,61.47148680686951,,0.0
2025-04-17T20:29:17.734,61.5712890625,,0.0
2025-04-17T20:29:17.834,61.67094707489014,,0.0
2025-04-17T20:29:17.933,61.76992917060852,,0.0
2025-04-17T20:29:18.034,61.87114906311035,,0.0
2025-04-17T20:29:18.135,61.97194314002991,,0.0
2025-04-17T20:29:18.235,62.07212996482849,,0.0
2025-04-17T20:29:18.335,62.1719970703125,,0.0
2025-04-17T20:29:18.435,62.271652936935425,,0.0
2025-04-17T20:29:18.535,62.371779918670654,,0.0
2025-04-17T20:29:18.635,62.471784830093384,,0.0
2025-04-17T20:29:18.735,62.57169508934021,,0.0
2025-04-17T20:29:18.835,62.67191219329834,,0.0
2025-04-17T20:29:18.935,62.771613121032715,,0.0
2025-04-17T20:29:19.035,62.871761083602905,88.36342295838328,
2025-04-17T20:29:19.135,62.97205710411072,,0.0
2025-04-17T20:29:19.235,63.0715229511261,27.613027823084476,0.8885629311203956
2025-04-17T20:29:19.335,63.17175912857056,,0.0
2025-04-17T20:29:19.435,63.271477937698364,,0.0
2025-04-17T20:29:19.535,63.37143588066101,,0.0
2025-04-17T20:29:19.635,63.47185921669006,,0.0
2025-04-17T20:29:19.735,63.57153511047363,,0.0
2025-04-17T20:29:19.835,63.67135000228882,,0.0
2025-04-17T20:29:19.935,63.77169394493103,,0.0
2025-04-17T20:29:20.035,63.871493101119995,74.05460409907714,
2025-04-17T20:29:20.135,63.971652030944824,,0.0
2025-04-17T20:29:20.235,64.0714819431305,,0.0
2025-04-17T20:29:20.335,64.17164301872253,,0.0
2025-04-17T20:29:20.434,64.27120399475098,,0.0
2025-04-17T20:29:20.534,64.37093997001648,,0.0
2025-04-17T20:29:20.634,64.47115898132324,,0.0
2025-04-17T20:29:20.735,64.57132005691528,,0.0
2025-04-17T20:29:20.834,64.67088985443115,,0.0
2025-04-17T20:29:20.935,64.77142286300659,,0.0
2025-04-17T20:29:21.034,64.87072610855103,,0.0
2025-04-17T20:29:21.134,64.97118902206421,30.425783801961256,
2025-04-17T20:29:21.234,65.07103204727173,,0.0
2025-04-17T20:29:21.334,65.17087984085083,,0.0
2025-04-17T20:29:21.434,65.27069306373596,,0.0
2025-04-17T20:29:21.534,65.37100505828857,,0.0
2025-04-17T20:29:21.634,65.47063279151917,,0.0
2025-04-17T20:29:21.734,65.57064199447632,,0.0
2025-04-17T20:29:21.834,65.67084789276123,,0.0
2025-04-17T20:29:21.934,65.77078485488892,78.8453402610717,
2025-04-17T20:29:22.032,65.86898303031921,,0.0
2025-04-17T20:29:22.131,65.96768808364868,,0.0
2025-04-17T20:29:22.232,66.06863498687744,,0.0
2025-04-17T20:29:22.332,66.16923999786377,,0.0
2025-04-17T20:29:22.433,66.27013182640076,,0.0
2025-04-17T20:29:22.532,66.36860680580139,,0.0
2025-04-17T20:29:22.633,66.4694471359253,,0.0
2025-04-17T20:29:22.732,66.56924796104431,,0.0
2025-04-17T20:29:22.833,66.66956686973572,99.11786275379579,
2025-04-17T20:29:22.933,66.77014493942261,60.48850144290969,
2025-04-17T20:29:23.034,66.87045383453369,,0.0
2025-04-17T20:29:23.133,66.96977186203003,32.94921511659045,1.0
2025-04-17T20:29:23.232,67.06880617141724,,0.0
2025-04-17T20:29:23.333,67.16980814933777,,0.0
2025-04-17T20:29:23.433,67.26967692375183,,0.0
2025-04-17T20:29:23.533,67.36970114707947,,0.0
2025-04-17T20:29:23.633,67.46964597702026,,0.0
2025-04-17T20:29:23.733,67.56981706619263,,0.0
2025-04-17T20:29:23.833,67.6699070930481,80.65532809790032,
2025-04-17T20:29:23.933,67.76944613456726,,0.0
2025-04-17T20:29:24.033,67.86973881721497,,0.0
2025-04-17T20:29:24.133,67.96970200538635,,0.0
2025-04-17T20:29:24.233,68.06969213485718,,0.0
2025-04-17T20:29:24.333,68.16985321044922,,0.0
2025-04-17T20:29:24.431,68.26829791069031,,0.0
2025-04-17T20:29:24.533,68.36984491348267,,0.0
2025-04-17T20:29:24.633,68.46950912475586,,0.0
2025-04-17T20:29:24.733,68.56967687606812,,0.0
2025-04-17T20:29:24.833,68.66951894760132,64.47030200946695,
2025-04-17T20:29:24.933,68.76956701278687,,0.0
2025-04-17T20:29:25.033,68.86963200569153,26.56505117707798,0.9008906804025173
2025-04-17T20:29:25.133,68.96937894821167,,0.0
2025-04-17T20:29:25.233,69.06943202018738,,0.0
2025-04-17T20:29:25.333,69.16941618919373,,0.0
2025-04-17T20:29:25.433,69.26952695846558,,0.0
2025-04-17T20:29:25.532,69.36917495727539,,0.0
2025-04-17T20:29:25.632,69.46888208389282,,0.0
2025-04-17T20:29:25.733,69.56940007209778,83.29016319224306,
2025-04-17T20:29:25.832,69.6692111492157,,0.0
2025-04-17T20:29:25.932,69.76914191246033,27.645975363738682,0.8782444059848785
2025-04-17T20:29:26.033,69.86944913864136,,0.0
2025-04-17T20:29:26.132,69.969074010849,,0.0
2025-04-17T20:29:26.232,70.06896996498108,,0.0
2025-04-17T20:29:26.332,70.16896200180054,,0.0
2025-04-17T20:29:26.432,70.26873898506165,,0.0
2025-04-17T20:29:26.532,70.36898612976074,,0.0
2025-04-17T20:29:26.632,70.46899604797363,102.68038349181982,
2025-04-17T20:29:26.732,70.56894516944885,,0.0
2025-04-17T20:29:26.832,70.668701171875,,0.0
2025-04-17T20:29:26.932,70.76867389678955,28.02450053207025,
2025-04-17T20:29:27.032,70.86872005462646,,0.0
2025-04-17T20:29:27.132,70.96876788139343,,0.0
2025-04-17T20:29:27.232,71.06841683387756,,0.0
2025-04-17T20:29:27.332,71.16856908798218,,0.0
2025-04-17T20:29:27.432,71.26842594146729,,0.0
2025-04-17T20:29:27.532,71.36867904663086,,0.0
2025-04-17T20:29:27.632,71.46834182739258,,0.0
2025-04-17T20:29:27.732,71.56843519210815,,0.0
2025-04-17T20:29:27.831,71.6673378944397,25.588513141316433,
2025-04-17T20:29:27.932,71.76838707923889,,0.0
2025-04-17T20:29:28.032,71.86856389045715,,0.0
2025-04-17T20:29:28.131,71.96740007400513,,0.0
2025-04-17T20:29:28.231,72.06816911697388,,0.0
2025-04-17T20:29:28.331,72.16792702674866,154.90374953730785,
2025-04-17T20:29:28.431,72.26750898361206,,0.0
2025-04-17T20:29:28.531,72.36793804168701,102.83560948640145,0.9239601030945778
2025-04-17T20:29:28.630,72.46689295768738,65.89776549883887,
2025-04-17T20:29:28.731,72.56781196594238,,0.0
2025-04-17T20:29:28.831,72.66772603988647,28.84266013541206,0.9135622516274452
2025-04-17T20:29:28.931,72.76756000518799,54.8193006387579,
2025-04-17T20:29:29.031,72.86801600456238,,0.0
2025-04-17T20:29:29.131,72.96771287918091,,0.0
2025-04-17T20:29:29.231,73.06808495521545,152.41797079220285,
2025-04-17T20:29:29.331,73.16764783859253,,0.0
2025-04-17T20:29:29.431,73.26792311668396,,0.0
2025-04-17T20:29:29.531,73.36776995658875,,0.0
2025-04-17T20:29:29.631,73.46769404411316,,0.0
2025-04-17T20:29:29.731,73.56793594360352,,0.0
2025-04-17T20:29:29.831,73.66757106781006,40.006256014176614,
2025-04-17T20:29:29.931,73.76747989654541,,0.0
2025-04-17T20:29:30.031,73.86765718460083,,0.0
2025-04-17T20:29:30.131,73.96750617027283,,0.0
2025-04-17T20:29:30.231,74.06744003295898,158.86017519134234,
2025-04-17T20:29:30.330,74.16728115081787,,0.0
2025-04-17T20:29:30.430,74.26725912094116,106.83747262567638,0.9164801374077797
2025-04-17T20:29:30.531,74.36739802360535,,0.0
2025-04-17T20:29:30.631,74.46732783317566,35.45547443444186,0.9239601030945778
2025-04-17T20:29:30.730,74.56725120544434,30.96375653207352,
2025-04-17T20:29:30.831,74.66737198829651,,0.0
2025-04-17T20:29:30.931,74.76732993125916,,0.0
2025-04-17T20:29:31.031,74.86734509468079,,0.0
2025-04-17T20:29:31.130,74.96676898002625,151.2796732021305,
2025-04-17T20:29:31.230,75.06691098213196,148.2664808465837,
2025-04-17T20:29:31.330,75.16713905334473,,0.0
2025-04-17T20:29:31.430,75.26679706573486,,0.0
2025-04-17T20:29:31.530,75.36686897277832,,0.0
2025-04-17T20:29:31.630,75.46671891212463,30.96375653207352,
2025-04-17T20:29:31.729,75.56552910804749,36.86989764584401,
2025-04-17T20:29:31.829,75.66545391082764,,0.0
2025-04-17T20:29:31.928,75.76450300216675,,0.0
2025-04-17T20:29:32.028,75.8648910522461,,0.0
2025-04-17T20:29:32.130,75.96685099601746,158.55226367289464,
2025-04-17T20:29:32.230,76.06642389297485,,0.0
2025-04-17T20:29:32.330,76.16666793823242,,0.0
2025-04-17T20:29:32.429,76.26628303527832,,0.0
2025-04-17T20:29:32.530,76.36674904823303,34.04593735660167,
2025-04-17T20:29:32.629,76.46608996391296,27.72825742231913,
2025-04-17T20:29:32.729,76.56623721122742,,0.0
2025-04-17T20:29:32.829,76.66590189933777,,0.0
2025-04-17T20:29:32.929,76.76607394218445,,0.0
2025-04-17T20:29:33.029,76.86627006530762,152.52556837372288,
2025-04-17T20:29:33.127,76.96413087844849,155.43282867939868,
2025-04-17T20:29:33.229,77.06603407859802,,0.0
2025-04-17T20:29:33.329,77.16587400436401,,0.0
2025-04-17T20:29:33.429,77.26567602157593,,0.0
2025-04-17T20:29:33.529,77.36589312553406,32.216546058575645,
2025-04-17T20:29:33.629,77.46574711799622,36.46923439005186,
2025-04-17T20:29:33.728,77.5645968914032,,0.0
2025-04-17T20:29:33.829,77.66567015647888,,0.0
2025-04-17T20:29:33.928,77.76497507095337,,0.0
2025-04-17T20:29:34.029,77.8659679889679,160.44174846300254,
2025-04-17T20:29:34.129,77.9657142162323,,0.0
2025-04-17T20:29:34.229,78.06590509414673,,0.0
2025-04-17T20:29:34.329,78.16557002067566,,0.0
2025-04-17T20:29:34.429,78.26577305793762,,0.0
2025-04-17T20:29:34.529,78.36563897132874,27.645975363738682,
2025-04-17T20:29:34.629,78.4655430316925,52.83552510648855,
2025-04-17T20:29:34.729,78.56560206413269,,0.0
2025-04-17T20:29:34.829,78.66564917564392,135.0,0.9089926764369011
2025-04-17T20:29:34.929,78.76549506187439,157.8548199617767,
2025-04-17T20:29:35.028,78.8652241230011,154.02560603756868,0.9504494503140449
2025-04-17T20:29:35.129,78.96571803092957,,0.0
2025-04-17T20:29:35.229,79.0655951499939,,0.0
2025-04-17T20:29:35.329,79.16550397872925,,0.0
2025-04-17T20:29:35.429,79.26561188697815,,0.0
2025-04-17T20:29:35.529,79.3655059337616,38.32011393677745,
2025-04-17T20:29:35.629,79.46536707878113,,0.0
2025-04-17T20:29:35.729,79.56531810760498,,0.0
2025-04-17T20:29:35.829,79.66533493995667,,0.0
2025-04-17T20:29:35.929,79.76543807983398,159.7343025290525,
2025-04-17T20:29:36.028,79.86521196365356,140.09211512449897,
2025-04-17T20:29:36.128,79.96516609191895,,0.0
2025-04-17T20:29:36.228,80.06478714942932,,0.0
2025-04-17T20:29:36.328,80.16509985923767,35.445710327598235,
2025-04-17T20:29:36.428,80.26482796669006,32.64464013491647,
2025-04-17T20:29:36.528,80.36481595039368,,0.0
2025-04-17T20:29:36.628,80.46459197998047,,0.0
2025-04-17T20:29:36.728,80.56503009796143,134.55585556688808,
2025-04-17T20:29:36.828,80.6650128364563,152.1403493047577,
2025-04-17T20:29:36.928,80.76477098464966,149.5344550805401,0.914118467271328
2025-04-17T20:29:37.028,80.8649070262909,119.66671520694646,0.9696194291114807
2025-04-17T20:29:37.125,80.96210193634033,,0.0
2025-04-17T20:29:37.227,81.06346011161804,,0.0
2025-04-17T20:29:37.328,81.16492795944214,34.09497795476556,
2025-04-17T20:29:37.428,81.26482915878296,43.09084756700362,
2025-04-17T20:29:37.527,81.36426115036011,,0.0
2025-04-17T20:29:37.626,81.4632511138916,,0.0
2025-04-17T20:29:37.726,81.56294798851013,146.76828893202065,
2025-04-17T20:29:37.828,81.66492986679077,153.12186024790134,
2025-04-17T20:29:37.928,81.76464819908142,134.50178838738634,0.9253246992826462
2025-04-17T20:29:38.028,81.86443591117859,,0.0
2025-04-17T20:29:38.127,81.96426582336426,,0.0
2025-04-17T20:29:38.227,82.0638439655304,37.74680538727468,
2025-04-17T20:29:38.327,82.16334199905396,,0.0
2025-04-17T20:29:38.427,82.2637140750885,,0.0
2025-04-17T20:29:38.527,82.36388492584229,,0.0
2025-04-17T20:29:38.627,82.46366620063782,137.62640563829075,
2025-04-17T20:29:38.727,82.56334209442139,150.94539590092285,
2025-04-17T20:29:38.827,82.6637179851532,143.28579702395376,0.7600273756445336
2025-04-17T20:29:38.927,82.76338291168213,,0.0
2025-04-17T20:29:39.027,82.86366105079651,,0.0
2025-04-17T20:29:39.127,82.96368503570557,,0.0
2025-04-17T20:29:39.227,83.06368207931519,,0.0
2025-04-17T20:29:39.327,83.1639609336853,,0.0
2025-04-17T20:29:39.427,83.26372504234314,82.78573796079323,
2025-04-17T20:29:39.527,83.3635950088501,120.7354877019201,
2025-04-17T20:29:39.627,83.46353912353516,151.92751306414704,0.9423077017068863
2025-04-17T20:29:39.727,83.5637788772583,,0.0
2025-04-17T20:29:39.827,83.66352391242981,126.59108826739929,0.9293891102075577
2025-04-17T20:29:39.927,83.76344394683838,,0.0
2025-04-17T20:29:40.027,83.86370491981506,,0.0
2025-04-17T20:29:40.127,83.96370601654053,31.84905131905528,
2025-04-17T20:29:40.227,84.06351399421692,45.0,
2025-04-17T20:29:40.327,84.16368889808655,66.80140948635182,0.9014972172677517
2025-04-17T20:29:40.427,84.26337599754333,106.69924423399361,0.8873022146522999
2025-04-17T20:29:40.527,84.36354398727417,141.1155035662854,0.9176118433475494
2025-04-17T20:29:40.627,84.4635419845581,153.434948822922,0.8905703634023666
2025-04-17T20:29:40.726,84.56316208839417,135.97102193107915,0.7894940850418865
2025-04-17T20:29:40.826,84.6628110408783,,0.0
2025-04-17T20:29:40.927,84.76333403587341,,0.0
2025-04-17T20:29:41.026,84.86298513412476,,0.0
2025-04-17T20:29:41.126,84.96317100524902,,0.0
2025-04-17T20:29:41.226,85.06288003921509,53.86462338841079,
2025-04-17T20:29:41.326,85.1629889011383,,0.0
2025-04-17T20:29:41.426,85.26308917999268,,0.0
2025-04-17T20:29:41.526,85.3632390499115,154.68711619812586,
2025-04-17T20:29:41.626,85.4628369808197,,0.0
2025-04-17T20:29:41.726,85.56291508674622,121.82744657667311,0.8650654958561063
2025-04-17T20:29:41.826,85.66232585906982,,0.0
2025-04-17T20:29:41.926,85.76287293434143,,0.0
2025-04-17T20:29:42.026,85.86279892921448,35.77607771789465,
2025-04-17T20:29:42.126,85.96259021759033,,0.0
2025-04-17T20:29:42.226,86.06260180473328,73.96766064606402,0.9677879199385643
2025-04-17T20:29:42.326,86.16242909431458,110.64699082497037,
2025-04-17T20:29:42.426,86.26276016235352,,0.0
2025-04-17T20:29:42.526,86.36259198188782,155.2825590889166,0.870096143707633
2025-04-17T20:29:42.626,86.4623589515686,,0.0
2025-04-17T20:29:42.726,86.5623710155487,100.30484646876603,0.911210997402668
2025-04-17T20:29:42.825,86.66215705871582,,0.0
2025-04-17T20:29:42.925,86.76200890541077,,0.0
2025-04-17T20:29:43.026,86.86234402656555,35.05942696688698,
2025-04-17T20:29:43.125,86.96219682693481,,0.0
2025-04-17T20:29:43.225,87.06156301498413,,0.0
2025-04-17T20:29:43.325,87.16195297241211,,0.0
2025-04-17T20:29:43.425,87.2620210647583,,0.0
2025-04-17T20:29:43.525,87.3617582321167,,0.0
2025-04-17T20:29:43.625,87.4618239402771,110.65891006330749,
2025-04-17T20:29:43.725,87.56159210205078,,0.0
2025-04-17T20:29:43.825,87.66146802902222,,0.0
2025-04-17T20:29:43.925,87.76144099235535,38.77417093557424,
2025-04-17T20:29:44.025,87.86146712303162,,0.0
2025-04-17T20:29:44.125,87.96186995506287,82.48785589694725,0.9736359849572181
2025-04-17T20:29:44.225,88.06191301345825,117.49913873104715,
2025-04-17T20:29:44.325,88.16185212135315,,0.0
2025-04-17T20:29:44.425,88.26205205917358,150.16446089973846,0.9118002451956272
2025-04-17T20:29:44.525,88.36195302009583,123.47627829610266,
2025-04-17T20:29:44.625,88.46139907836914,,0.0
2025-04-17T20:29:44.725,88.56167912483215,,0.0
2025-04-17T20:29:44.825,88.6614339351654,38.437301491062534,
2025-04-17T20:29:44.925,88.76162099838257,42.42085249971659,
2025-04-17T20:29:45.025,88.86150813102722,69.36245301531218,0.9297538757324219
2025-04-17T20:29:45.125,88.96136498451233,,0.0
2025-04-17T20:29:45.225,89.06138586997986,,0.0
2025-04-17T20:29:45.325,89.1614019870758,,0.0
2025-04-17T20:29:45.425,89.26131391525269,,0.0
2025-04-17T20:29:45.525,89.36145091056824,102.74528947313286,
2025-04-17T20:29:45.624,89.4612729549408,,0.0
2025-04-17T20:29:45.725,89.56135892868042,,0.0
2025-04-17T20:29:45.824,89.66121411323547,,0.0
2025-04-17T20:29:45.924,89.76099801063538,,0.0
2025-04-17T20:29:46.024,89.86056995391846,90.6510603802295,
2025-04-17T20:29:46.124,89.96127820014954,124.07719528013074,
2025-04-17T20:29:46.224,90.06094098091125,149.42077312751098,0.9038227297365665
2025-04-17T20:29:46.324,90.16104006767273,,0.0
2025-04-17T20:29:46.424,90.26074409484863,116.56505117707799,0.921531280875206
2025-04-17T20:29:46.524,90.36101007461548,82.53943387383165,
2025-04-17T20:29:46.624,90.46082806587219,54.027612950715096,0.9035818375647068
2025-04-17T20:29:46.724,90.56092095375061,37.184706453233126,0.8860050871968269
2025-04-17T20:29:46.824,90.66081714630127,48.48327146899767,0.7921810629051891
2025-04-17T20:29:46.924,90.76075196266174,,0.0
2025-04-17T20:29:47.024,90.86058592796326,112.21759426951832,0.9039732277393341
2025-04-17T20:29:47.124,90.96079802513123,144.2726017772003,
2025-04-17T20:29:47.223,91.06019401550293,147.144278049567,1.0
2025-04-17T20:29:47.324,91.16054797172546,,0.0
2025-04-17T20:29:47.424,91.26083493232727,93.81407483429035,0.9663066551089287
2025-04-17T20:29:47.524,91.36059093475342,,0.0
2025-04-17T20:29:47.624,91.46037101745605,40.76360520094116,0.9034311980009079
2025-04-17T20:29:47.724,91.5607168674469,,0.0
2025-04-17T20:29:47.823,91.66018080711365,66.10483858492964,0.9487970307469368
2025-04-17T20:29:47.923,91.7601330280304,97.67896380736869,
2025-04-17T20:29:48.023,91.86025786399841,,0.0
2025-04-17T20:29:48.123,91.96010112762451,154.65382405805332,1.0
2025-04-17T20:29:48.223,92.05990695953369,139.63546342690265,
2025-04-17T20:29:48.323,92.15962791442871,106.0490047925332,0.9005870096385479
2025-04-17T20:29:48.423,92.25945401191711,,0.0
2025-04-17T20:29:48.523,92.35958003997803,,0.0
2025-04-17T20:29:48.623,92.4593608379364,,0.0
2025-04-17T20:29:48.723,92.55931091308594,58.90268711422056,
2025-04-17T20:29:48.822,92.65929102897644,86.59355624500527,
2025-04-17T20:29:48.923,92.75932693481445,118.15619144827258,0.9216745927929878
2025-04-17T20:29:49.023,92.85948610305786,145.90502204523443,0.9122709318995476
2025-04-17T20:29:49.123,92.95949101448059,,0.0
2025-04-17T20:29:49.223,93.0594310760498,,0.0
2025-04-17T20:29:49.323,93.15966510772705,,0.0
2025-04-17T20:29:49.423,93.25979399681091,58.134022306396325,
2025-04-17T20:29:49.523,93.35933089256287,40.98582430458898,
2025-04-17T20:29:49.623,93.45944595336914,,0.0
2025-04-17T20:29:49.723,93.55971193313599,,0.0
2025-04-17T20:29:49.823,93.65964412689209,,0.0
2025-04-17T20:29:49.923,93.75940608978271,,0.0
2025-04-17T20:29:50.023,93.85948896408081,146.3099324740202,
2025-04-17T20:29:50.123,93.95964097976685,,0.0
2025-04-17T20:29:50.223,94.05961108207703,96.84277341263095,0.8986372485756874
2025-04-17T20:29:50.324,94.16085124015808,,0.0
2025-04-17T20:29:50.422,94.25923490524292,42.87890360333854,0.9027071915566921
2025-04-17T20:29:50.522,94.35906600952148,,0.0
2025-04-17T20:29:50.622,94.45922613143921,,0.0
2025-04-17T20:29:50.722,94.55911588668823,97.73359809902286,
2025-04-17T20:29:50.823,94.6593120098114,,0.0
2025-04-17T20:29:50.923,94.75934410095215,152.70042778866718,0.8720202635973692
2025-04-17T20:29:51.022,94.85856294631958,,0.0
2025-04-17T20:29:51.122,94.95921087265015,,0.0
2025-04-17T20:29:51.222,95.05831217765808,,0.0
2025-04-17T20:29:51.322,95.15880799293518,49.08561677997488,
2025-04-17T20:29:51.422,95.25887703895569,41.18592516570965,
2025-04-17T20:29:51.522,95.35895490646362,,0.0
2025-04-17T20:29:51.622,95.45876121520996,86.46770541610911,0.9245577365159988
2025-04-17T20:29:51.722,95.55859017372131,119.74488129694222,
2025-04-17T20:29:51.822,95.65850901603699,139.666858371439,0.870893707871437
2025-04-17T20:29:51.922,95.75857496261597,,0.0
2025-04-17T20:29:52.022,95.85895109176636,120.10130456559969,0.9181040361523628
2025-04-17T20:29:52.122,95.95892691612244,88.56790381583535,
2025-04-17T20:29:52.222,96.05873703956604,58.134022306396325,0.952148063480854
2025-04-17T20:29:52.322,96.15875911712646,46.54815769897797,0.9123885430395603
2025-04-17T20:29:52.422,96.25872993469238,,0.0
2025-04-17T20:29:52.522,96.35855293273926,74.96218409641776,0.870195934921503
2025-04-17T20:29:52.622,96.4585509300232,109.60408815082943,
2025-04-17T20:29:52.722,96.55856800079346,138.81407483429035,0.942497706413269
2025-04-17T20:29:52.822,96.65855097770691,146.915147071265,0.9135622516274452
2025-04-17T20:29:52.920,96.7571349143982,135.0,0.7495429584755069
2025-04-17T20:29:53.022,96.85850405693054,101.76828893202064,0.8894426435232162
2025-04-17T20:29:53.121,96.95792412757874,,0.0
2025-04-17T20:29:53.222,97.05838203430176,44.48383577023517,0.9122709318995476
2025-04-17T20:29:53.322,97.15843796730042,43.09084756700362,
2025-04-17T20:29:53.422,97.2583589553833,,0.0
2025-04-17T20:29:53.521,97.35829496383667,99.70665240933971,0.9058638274669647
2025-04-17T20:29:53.621,97.45817589759827,127.93327028359892,
2025-04-17T20:29:53.721,97.55820894241333,145.14554443389633,0.8649640841409564
2025-04-17T20:29:53.821,97.65795087814331,137.0825652797309,0.8836181152684325
2025-04-17T20:29:53.921,97.75826406478882,114.59011716619601,1.0
2025-04-17T20:29:54.021,97.85787415504456,,0.0
2025-04-17T20:29:54.121,97.95795702934265,50.28124062844511,0.9400205001235008
2025-04-17T20:29:54.221,98.05802011489868,39.88958243896879,
2025-04-17T20:29:54.321,98.15781998634338,55.069062698889425,0.7482086959802499
2025-04-17T20:29:54.421,98.25791501998901,84.92039213998542,0.9670224249362945
2025-04-17T20:29:54.521,98.3575530052185,120.00492087082401,0.9284052386879921
2025-04-17T20:29:54.621,98.45760607719421,141.1155035662854,0.9176118433475494
2025-04-17T20:29:54.721,98.55795407295227,149.2645122980799,0.9473521843552589
2025-04-17T20:29:54.821,98.65772294998169,,0.0
2025-04-17T20:29:54.921,98.7577440738678,89.33380002981687,0.9469499126076698
2025-04-17T20:29:55.021,98.85768103599548,,0.0
2025-04-17T20:29:55.121,98.95764183998108,44.01223960036019,0.9286303579807281
2025-04-17T20:29:55.221,99.05762600898743,46.08092418666069,
2025-04-17T20:29:55.320,99.15659093856812,73.30075576600639,0.9354882448911667
2025-04-17T20:29:55.420,99.25672698020935,110.55604521958347,0.8654708987101912
2025-04-17T20:29:55.521,99.35764908790588,137.04540848888723,0.9157528564333915
2025-04-17T20:29:55.619,99.45607113838196,149.3935929684905,0.9307342678308487
2025-04-17T20:29:55.719,99.55630779266357,,0.0
2025-04-17T20:29:55.819,99.65610694885254,103.0456370629486,0.9384881913661957
2025-04-17T20:29:55.919,99.75558495521545,,0.0
2025-04-17T20:29:56.021,99.85765290260315,46.12330271407542,0.8829481065273285
2025-04-17T20:29:56.121,99.95732808113098,44.48383577023517,
2025-04-17T20:29:56.220,100.05682492256165,62.80187205149089,0.923618158698082
2025-04-17T20:29:56.320,100.156898021698,,0.0
2025-04-17T20:29:56.419,100.2561981678009,130.98582430458896,0.9229619339108467
2025-04-17T20:29:56.520,100.35639905929565,147.22512267573575,
2025-04-17T20:29:56.619,100.45628786087036,,0.0
2025-04-17T20:29:56.720,100.55712294578552,,0.0
2025-04-17T20:29:56.819,100.6559829711914,,0.0
2025-04-17T20:29:56.919,100.75622391700745,49.63546342690264,
2025-04-17T20:29:57.020,100.85688900947571,42.510447078000844,
2025-04-17T20:29:57.120,100.95693898200989,,0.0
2025-04-17T20:29:57.219,101.05570602416992,,0.0
2025-04-17T20:29:57.319,101.15612196922302,122.0053832080835,
2025-04-17T20:29:57.419,101.25610303878784,151.15733986458793,
2025-04-17T20:29:57.519,101.3561589717865,,0.0
2025-04-17T20:29:57.620,101.45649600028992,,0.0
2025-04-17T20:29:57.719,101.55603814125061,,0.0
2025-04-17T20:29:57.819,101.65586614608765,,0.0
2025-04-17T20:29:57.918,101.75487089157104,43.47923033885623,
2025-04-17T20:29:58.019,101.85551714897156,50.55994726330953,
2025-04-17T20:29:58.118,101.95515298843384,74.55368363230744,0.9139136359095573
2025-04-17T20:29:58.218,102.05507183074951,,0.0
2025-04-17T20:29:58.319,102.15588903427124,140.71059313749964,0.9435816466808319
2025-04-17T20:29:58.419,102.25542688369751,146.72511201516508,
2025-04-17T20:29:58.518,102.355299949646,132.42085249971657,0.8624704781905871
2025-04-17T20:29:58.619,102.45587086677551,,0.0
2025-04-17T20:29:58.719,102.5555579662323,,0.0
2025-04-17T20:29:58.818,102.65522813796997,44.49297093908523,
2025-04-17T20:29:58.919,102.75562787055969,,0.0
2025-04-17T20:29:59.018,102.85510396957397,63.43494882292201,0.921531280875206
2025-04-17T20:29:59.119,102.9562439918518,,0.0
2025-04-17T20:29:59.219,103.05606389045715,133.53119928561418,0.9319631516933441
2025-04-17T20:29:59.319,103.15563011169434,151.92751306414704,
2025-04-17T20:29:59.419,103.25540399551392,141.00900595749454,0.8494140226157103
2025-04-17T20:29:59.519,103.35566306114197,,0.0
2025-04-17T20:29:59.619,103.45553183555603,,0.0
2025-04-17T20:29:59.719,103.55549502372742,47.81555668421123,
2025-04-17T20:29:59.819,103.65531516075134,42.03906386583625,
2025-04-17T20:29:59.919,103.75606393814087,54.71325102494028,0.8248285878852605
2025-04-17T20:30:00.018,103.85529208183289,,0.0
2025-04-17T20:30:00.119,103.95571613311768,125.05942696688697,0.8713911924511194
2025-04-17T20:30:00.219,104.0559310913086,148.1340223063963,
2025-04-17T20:30:00.318,104.1552050113678,145.1755108430432,0.8214394710063935
2025-04-17T20:30:00.419,104.25543904304504,,0.0
2025-04-17T20:30:00.518,104.35510110855103,88.04749095060039,0.9563898056745529
2025-04-17T20:30:00.617,104.45348501205444,,0.0
2025-04-17T20:30:00.718,104.55504202842712,44.02897806892084,0.9351565450429916
2025-04-17T20:30:00.818,104.65504813194275,,0.0
2025-04-17T20:30:00.919,104.75561499595642,,0.0
2025-04-17T20:30:01.018,104.85511994361877,113.38522105721376,
2025-04-17T20:30:01.119,104.95536208152771,141.1155035662854,
2025-04-17T20:30:01.219,105.05550503730774,148.79948539601935,0.933104744553566
2025-04-17T20:30:01.318,105.15478205680847,130.7461635638808,0.9459827974438667
2025-04-17T20:30:01.418,105.25475597381592,98.31027716752419,0.9651281297206878
2025-04-17T20:30:01.518,105.35492014884949,,0.0
2025-04-17T20:30:01.618,105.45486307144165,39.98688624496419,0.9234756141901016
2025-04-17T20:30:01.716,105.55266404151917,43.45184230102204,
2025-04-17T20:30:01.817,105.65363097190857,,0.0
2025-04-17T20:30:01.916,105.75262093544006,103.3924977537511,0.9485298380255699
2025-04-17T20:30:02.016,105.85266399383545,135.45113854678726,
2025-04-17T20:30:02.117,105.953537940979,147.30801581742793,0.9174379542469978
2025-04-17T20:30:02.218,106.05529594421387,138.0664855011259,0.6938245751540106
2025-04-17T20:30:02.317,106.15415120124817,,0.0
2025-04-17T20:30:02.417,106.25340700149536,,0.0
2025-04-17T20:30:02.516,106.3525710105896,45.0,
2025-04-17T20:30:02.618,106.454745054245,40.07289005235099,
2025-04-17T20:30:02.716,106.55302286148071,56.52372170389733,0.8930631302297115
2025-04-17T20:30:02.817,106.65410709381104,91.43209618416465,0.9193461298942566
2025-04-17T20:30:02.917,106.75333404541016,126.86989764584402,0.9192307725548744
2025-04-17T20:30:03.017,106.85386109352112,149.2810957359708,0.9204403221607208
2025-04-17T20:30:03.116,106.95311403274536,143.7073702715204,0.9164801374077797
2025-04-17T20:30:03.217,107.05354499816895,121.32869286780416,0.9228191137313843
2025-04-17T20:30:03.317,107.15380501747131,,0.0
2025-04-17T20:30:03.418,107.25435519218445,,0.0
2025-04-17T20:30:03.517,107.35361504554749,,0.0
2025-04-17T20:30:03.616,107.45239210128784,,0.0
2025-04-17T20:30:03.716,107.55322694778442,81.86989764584402,
2025-04-17T20:30:03.817,107.65357303619385,115.5599651718238,
2025-04-17T20:30:03.917,107.75413799285889,142.59464336859145,0.9450941741466522
2025-04-17T20:30:04.017,107.85414505004883,146.94417718844633,0.8969222217798233
2025-04-17T20:30:04.116,107.9532368183136,129.8978347476418,0.9169738873839378
2025-04-17T20:30:04.217,108.05339503288269,93.28924267849183,0.9522010669112205
2025-04-17T20:30:04.315,108.15208792686462,,0.0
2025-04-17T20:30:04.415,108.25228214263916,40.44623202084138,0.9199512213468551
2025-04-17T20:30:04.516,108.3531801700592,45.545657593415726,
2025-04-17T20:30:04.617,108.45341205596924,,0.0
2025-04-17T20:30:04.717,108.55335903167725,107.96913974015702,0.9090520091354847
2025-04-17T20:30:04.817,108.65397119522095,137.4059705166453,
2025-04-17T20:30:04.916,108.75299501419067,145.4516329439887,0.8918190024793148
2025-04-17T20:30:05.016,108.85326886177063,135.0,0.6949376331092518
2025-04-17T20:30:05.117,108.95373201370239,102.4499965078066,0.9139428943395614
2025-04-17T20:30:05.217,109.05336594581604,,0.0
2025-04-17T20:30:05.316,109.15278100967407,,0.0
2025-04-17T20:30:05.417,109.25330901145935,43.02506598911803,
2025-04-17T20:30:05.517,109.35341620445251,,0.0
2025-04-17T20:30:05.617,109.45336103439331,100.88552705465874,0.9165963813662529
2025-04-17T20:30:05.716,109.55282306671143,130.91438322002512,
2025-04-17T20:30:05.816,109.65269112586975,146.86439045128114,0.9468425795435905
2025-04-17T20:30:05.915,109.7522931098938,139.57392125990086,0.837529015354895
2025-04-17T20:30:06.016,109.8526918888092,113.55226367289465,0.942714712023735
2025-04-17T20:30:06.116,109.95307993888855,77.76388849058367,0.9419817686080932
2025-04-17T20:30:06.216,110.05265712738037,52.38604315126727,0.9054145835340023
2025-04-17T20:30:06.316,110.15265703201294,,0.0
2025-04-17T20:30:06.414,110.2512149810791,,0.0
2025-04-17T20:30:06.515,110.35131692886353,,0.0
2025-04-17T20:30:06.615,110.45155596733093,122.42106476250694,
2025-04-17T20:30:06.715,110.5516209602356,143.61564818416412,
2025-04-17T20:30:06.819,110.65626502037048,143.13010235415598,0.9423077017068863
2025-04-17T20:30:06.921,110.75774192810059,,0.0
2025-04-17T20:30:07.015,110.85136890411377,,0.0
2025-04-17T20:30:07.114,110.95069408416748,,0.0
2025-04-17T20:30:07.214,111.05102515220642,,0.0
2025-04-17T20:30:07.323,111.15954184532166,,0.0
2025-04-17T20:30:07.413,111.25015115737915,79.42647658143909,
2025-04-17T20:30:07.513,111.35002994537354,114.82054133548908,
2025-04-17T20:30:07.614,111.45076394081116,139.6106493186606,0.9559964895248413
2025-04-17T20:30:07.714,111.55049586296082,144.07149757717718,0.943283861875534
2025-04-17T20:30:07.814,111.65049600601196,129.17365797044422,0.8714905962347984
2025-04-17T20:30:07.914,111.75032901763916,,0.0
2025-04-17T20:30:08.013,111.84961700439453,,0.0
2025-04-17T20:30:08.113,111.9499580860138,,0.0
2025-04-17T20:30:08.213,112.04967904090881,,0.0
2025-04-17T20:30:08.313,112.14976000785828,,0.0
2025-04-17T20:30:08.413,112.24964594841003,106.14433878028349,
2025-04-17T20:30:08.513,112.34965014457703,,0.0
2025-04-17T20:30:08.613,112.44970893859863,142.19347005529553,0.8888144887983799
2025-04-17T20:30:08.714,112.55094385147095,133.99491399474581,
2025-04-17T20:30:08.814,112.65114784240723,104.56027561935687,0.9171769976615906
2025-04-17T20:30:08.914,112.75119090080261,,0.0
2025-04-17T20:30:09.014,112.8505380153656,48.67449952082966,0.9064619116485119
2025-04-17T20:30:09.114,112.9512870311737,46.02303018866784,
2025-04-17T20:30:09.214,113.05108189582825,,0.0
2025-04-17T20:30:09.314,113.15124702453613,,0.0
2025-04-17T20:30:09.414,113.25093913078308,127.99873244250466,
2025-04-17T20:30:09.514,113.35094213485718,142.47155917659236,
2025-04-17T20:30:09.613,113.44948601722717,135.5256346064576,0.8315443485452648
2025-04-17T20:30:09.713,113.5497179031372,113.00887008282287,0.9160439282655716
2025-04-17T20:30:09.813,113.64956092834473,,0.0
2025-04-17T20:30:09.913,113.74947500228882,,0.0
2025-04-17T20:30:10.013,113.84976506233215,46.1457628381751,
2025-04-17T20:30:10.113,113.94933009147644,,0.0
2025-04-17T20:30:10.212,114.04913997650146,87.9299693469589,0.9333270698785782
2025-04-17T20:30:10.313,114.14957618713379,,0.0
2025-04-17T20:30:10.413,114.24956512451172,,0.0
2025-04-17T20:30:10.513,114.34937906265259,,0.0
2025-04-17T20:30:10.612,114.44921803474426,119.91364599153488,
2025-04-17T20:30:10.713,114.54951214790344,,0.0
2025-04-17T20:30:10.812,114.64888906478882,,0.0
2025-04-17T20:30:10.912,114.7491409778595,48.0664855011259,
2025-04-17T20:30:11.013,114.84953904151917,54.71325102494028,
2025-04-17T20:30:11.112,114.94895505905151,80.66500153686177,0.8914449051022529
2025-04-17T20:30:11.213,115.04956197738647,113.55226367289465,0.942714712023735
2025-04-17T20:30:11.312,115.14860606193542,,0.0
2025-04-17T20:30:11.412,115.24922299385071,138.3664606634298,0.9390361294150352
2025-04-17T20:30:11.512,115.3487000465393,,0.0
2025-04-17T20:30:11.612,115.44899487495422,95.71059313749964,0.9210723176598549
2025-04-17T20:30:11.712,115.54882097244263,63.09390654406316,
2025-04-17T20:30:11.813,115.64947080612183,50.01311375503581,0.9234756141901016
2025-04-17T20:30:11.913,115.74941992759705,,0.0
2025-04-17T20:30:12.012,115.84902286529541,75.17352002964432,0.8746554706245661
2025-04-17T20:30:12.112,115.94925904273987,104.20676611776037,
2025-04-17T20:30:12.212,116.048495054245,,0.0
2025-04-17T20:30:12.312,116.14898490905762,,0.0
2025-04-17T20:30:12.413,116.24932384490967,129.23736711340155,
2025-04-17T20:30:12.512,116.34914302825928,104.03624346792648,
2025-04-17T20:30:12.612,116.4488320350647,73.65182845264876,0.9107389025390148
2025-04-17T20:30:12.712,116.54897999763489,53.44752724790846,0.8832358963787555
2025-04-17T20:30:12.812,116.64875888824463,49.08561677997488,0.8064510950446129
2025-04-17T20:30:12.912,116.74865388870239,,0.0
2025-04-17T20:30:13.012,116.84857106208801,95.97432328648061,0.9490906953811645
2025-04-17T20:30:13.112,116.94869494438171,123.69006752597979,
2025-04-17T20:30:13.212,117.04839015007019,,0.0
2025-04-17T20:30:13.312,117.14888215065002,,0.0
2025-04-17T20:30:13.412,117.2486310005188,,0.0
2025-04-17T20:30:13.512,117.34843420982361,81.77327753589184,
2025-04-17T20:30:13.612,117.44897985458374,,0.0
2025-04-17T20:30:13.712,117.54853177070618,49.63546342690264,0.9134450614452362
2025-04-17T20:30:13.812,117.64873600006104,64.6538240580533,
2025-04-17T20:30:13.912,117.74873685836792,87.33699923393286,0.9473521843552589
2025-04-17T20:30:14.011,117.84824013710022,,0.0
2025-04-17T20:30:14.111,117.94811701774597,,0.0
2025-04-17T20:30:14.211,118.04755806922913,,0.0
2025-04-17T20:30:14.311,118.14817810058594,,0.0
2025-04-17T20:30:14.411,118.24780106544495,88.63607246839707,
2025-04-17T20:30:14.511,118.3474280834198,65.73870914752221,
2025-04-17T20:30:14.611,118.44739603996277,,0.0
2025-04-17T20:30:14.710,118.54718613624573,58.760785111791236,0.7886859218741964
2025-04-17T20:30:14.811,118.64754819869995,,0.0
2025-04-17T20:30:14.911,118.74746108055115,,0.0
2025-04-17T20:30:15.011,118.84766507148743,138.1221304621157,
2025-04-17T20:30:15.111,118.94779419898987,140.86960044301472,
2025-04-17T20:30:15.211,119.04790115356445,,0.0
2025-04-17T20:30:15.311,119.14742398262024,97.94347181059041,0.950768506526947
2025-04-17T20:30:15.411,119.24777793884277,69.84238910545518,
2025-04-17T20:30:15.511,119.34761691093445,52.19347005529553,0.8888144887983799
2025-04-17T20:30:15.611,119.4474458694458,,0.0
2025-04-17T20:30:15.711,119.54736876487732,76.4520610119995,0.9440414294600487
2025-04-17T20:30:15.810,119.64707088470459,,0.0
2025-04-17T20:30:15.910,119.74702000617981,131.71075732150817,1.0
2025-04-17T20:30:16.010,119.84649300575256,,0.0
2025-04-17T20:30:16.110,119.94677901268005,,0.0
2025-04-17T20:30:16.211,120.04737997055054,98.74616226255522,
2025-04-17T20:30:16.310,120.14719414710999,77.0053832080835,
2025-04-17T20:30:16.410,120.24693393707275,57.17145820858747,0.8905390970408916
2025-04-17T20:30:16.510,120.34718704223633,,0.0
2025-04-17T20:30:16.610,120.44698524475098,74.8590161649231,0.9564160093665123
2025-04-17T20:30:16.710,120.54681301116943,,0.0
2025-04-17T20:30:16.810,120.64692997932434,,0.0
2025-04-17T20:30:16.910,120.74685621261597,,0.0
2025-04-17T20:30:17.010,120.8468930721283,,0.0
2025-04-17T20:30:17.110,120.94697594642639,,0.0
2025-04-17T20:30:17.210,121.04682993888855,,0.0
2025-04-17T20:30:17.310,121.14666104316711,69.52772048025808,
2025-04-17T20:30:17.410,121.24654412269592,,0.0
2025-04-17T20:30:17.510,121.34674906730652,70.08359400619092,0.6054159132998425
2025-04-17T20:30:17.610,121.44657492637634,88.68308759420673,
2025-04-17T20:30:17.710,121.54670715332031,112.61986494804043,0.9100000023841858
2025-04-17T20:30:17.810,121.64643597602844,,0.0
2025-04-17T20:30:17.910,121.74658298492432,127.18470645323312,0.8860050871968269
2025-04-17T20:30:18.010,121.84663200378418,105.3762512488262,
2025-04-17T20:30:18.109,121.94628691673279,89.26547896574519,0.9100295774638653
2025-04-17T20:30:18.209,122.04628300666809,67.61986494804042,0.8894112728536129
2025-04-17T20:30:18.309,122.14620089530945,,0.0
2025-04-17T20:30:18.409,122.24606895446777,,0.0
2025-04-17T20:30:18.510,122.34636402130127,89.21517539700811,
2025-04-17T20:30:18.609,122.4462571144104,,0.0
2025-04-17T20:30:18.709,122.54622602462769,120.54757174890702,0.8769113276153803
2025-04-17T20:30:18.809,122.64613389968872,130.2363583092738,
2025-04-17T20:30:18.909,122.74630117416382,,0.0
2025-04-17T20:30:19.009,122.84602689743042,93.1363583683326,0.8874284833669662
2025-04-17T20:30:19.109,122.94618797302246,79.28687697720896,
2025-04-17T20:30:19.209,123.04590201377869,,0.0
2025-04-17T20:30:19.309,123.14596915245056,66.59531044896768,0.8869547009468078
2025-04-17T20:30:19.409,123.24600100517273,,0.0
2025-04-17T20:30:19.509,123.34599804878235,97.64040676102675,0.931851601600647
2025-04-17T20:30:19.609,123.44572901725769,,0.0
2025-04-17T20:30:19.709,123.54598999023438,,0.0
2025-04-17T20:30:19.809,123.64583206176758,105.33328479305355,
2025-04-17T20:30:19.909,123.7457902431488,94.23639479905884,
2025-04-17T20:30:20.009,123.84584593772888,83.13000769178574,0.9358472734689712
2025-04-17T20:30:20.109,123.94564604759216,,0.0
2025-04-17T20:30:20.209,124.04554200172424,,0.0
2025-04-17T20:30:20.309,124.14561915397644,79.95065141187513,
2025-04-17T20:30:20.409,124.24541997909546,92.56377021146501,
2025-04-17T20:30:20.509,124.34565806388855,,0.0
2025-04-17T20:30:20.609,124.44567894935608,,0.0
2025-04-17T20:30:20.709,124.54531192779541,108.43494882292201,
2025-04-17T20:30:20.809,124.6455590724945,95.04245106917091,
2025-04-17T20:30:20.908,124.74522304534912,90.76389846093,0.8961846217513084
2025-04-17T20:30:21.009,124.8455138206482,,0.0
2025-04-17T20:30:21.108,124.94501900672913,,0.0
2025-04-17T20:30:21.209,125.04553198814392,82.6004053401129,
2025-04-17T20:30:21.308,125.1450080871582,90.69869438298348,
2025-04-17T20:30:21.409,125.24543190002441,,0.0
2025-04-17T20:30:21.508,125.34491515159607,,0.0
2025-04-17T20:30:21.608,125.44510793685913,106.2940474565989,
2025-04-17T20:30:21.708,125.54510498046875,92.32153058983272,
2025-04-17T20:30:21.808,125.64521789550781,92.09525256462385,0.9287147581577301
2025-04-17T20:30:21.909,125.74592924118042,,0.0
2025-04-17T20:30:22.008,125.84502291679382,,0.0
2025-04-17T20:30:22.141,125.97788786888123,83.50065372034543,
2025-04-17T20:30:22.208,126.04518604278564,87.76882539196875,
2025-04-17T20:30:22.308,126.14487218856812,97.69605172201658,0.8946428395807743
2025-04-17T20:30:22.408,126.24480390548706,,0.0
2025-04-17T20:30:22.508,126.34504318237305,,0.0
2025-04-17T20:30:22.608,126.44513201713562,97.64040676102675,
2025-04-17T20:30:22.708,126.54505801200867,92.9737310824801,
2025-04-17T20:30:22.808,126.6448302268982,,0.0
2025-04-17T20:30:22.942,126.77834701538086,,0.0
2025-04-17T20:30:23.008,126.84457993507385,,0.0
2025-04-17T20:30:23.142,126.97884607315063,87.13759477388825,
2025-04-17T20:30:23.242,127.07841396331787,,0.0
2025-04-17T20:30:23.342,127.17839002609253,,0.0
2025-04-17T20:30:23.441,127.27814793586731,,0.0
2025-04-17T20:30:23.541,127.37828087806702,97.73359809902286,
2025-04-17T20:30:23.641,127.47796201705933,87.7974018382342,
2025-04-17T20:30:23.741,127.57794094085693,,0.0
2025-04-17T20:30:23.841,127.67801308631897,,0.0
2025-04-17T20:30:23.941,127.77762603759766,88.56790381583535,
2025-04-17T20:30:24.041,127.87780094146729,90.0,
2025-04-17T20:30:24.141,127.97810697555542,94.45560283332631,0.7827844871656319
2025-04-17T20:30:24.241,128.0779299736023,,0.0
2025-04-17T20:30:24.341,128.17788696289062,,0.0
2025-04-17T20:30:24.441,128.27774000167847,89.06080905426442,
2025-04-17T20:30:24.541,128.3780641555786,92.12109639666146,
2025-04-17T20:30:24.641,128.47750115394592,91.43209618416465,0.6902548902789308
2025-04-17T20:30:24.741,128.57732009887695,,0.0
2025-04-17T20:30:24.841,128.67812180519104,,0.0
2025-04-17T20:30:24.941,128.77749013900757,95.26239539959512,
2025-04-17T20:30:25.040,128.8771460056305,85.46222749209335,
2025-04-17T20:30:25.142,128.9784300327301,,0.0
2025-04-17T20:30:25.241,129.077819108963,,0.0
2025-04-17T20:30:25.341,129.17816305160522,93.0940580589171,
2025-04-17T20:30:25.440,129.27694606781006,92.26050191114128,
2025-04-17T20:30:25.540,129.37727403640747,,0.0
2025-04-17T20:30:25.639,129.4758381843567,,0.0
2025-04-17T20:30:25.740,129.5771450996399,,0.0
2025-04-17T20:30:25.840,129.67720198631287,91.41442321140215,
2025-04-17T20:30:25.940,129.77654385566711,95.12819104185284,
2025-04-17T20:30:26.040,129.8771071434021,,0.0
2025-04-17T20:30:26.139,129.97562098503113,,0.0
2025-04-17T20:30:26.239,130.0757040977478,,0.0
2025-04-17T20:30:26.341,130.17739295959473,87.20729763428672,
2025-04-17T20:30:26.440,130.27678513526917,87.76882539196875,
2025-04-17T20:30:26.540,130.3769052028656,,0.0
2025-04-17T20:30:26.639,130.4759120941162,,0.0
2025-04-17T20:30:26.739,130.57599306106567,94.45560283332631,
2025-04-17T20:30:26.839,130.67612195014954,91.36392753160293,
2025-04-17T20:30:26.940,130.77672481536865,90.0,0.6881114078181791
2025-04-17T20:30:27.041,130.87754201889038,,0.0
2025-04-17T20:30:27.140,130.97718501091003,87.35745470593528,0.6289531039310676
2025-04-17T20:30:27.239,131.07534408569336,88.51213247117222,
2025-04-17T20:30:27.339,131.17595791816711,94.87927378300672,0.859724650430351
2025-04-17T20:30:27.440,131.27638292312622,,0.0
2025-04-17T20:30:27.540,131.37720799446106,,0.0
2025-04-17T20:30:27.640,131.4767029285431,96.41878673023878,
2025-04-17T20:30:27.739,131.5763030052185,86.67259575827343,
2025-04-17T20:30:27.838,131.67512202262878,88.3153156821037,0.8080621282809125
2025-04-17T20:30:27.939,131.77584600448608,,0.0
2025-04-17T20:30:28.039,131.8757119178772,,0.0
2025-04-17T20:30:28.139,131.97558999061584,89.10482628978893,
2025-04-17T20:30:28.238,132.07525300979614,94.28915332881903,
2025-04-17T20:30:28.338,132.174968957901,,0.0
2025-04-17T20:30:28.438,132.27449011802673,,0.0
2025-04-17T20:30:28.539,132.37621188163757,,0.0
2025-04-17T20:30:28.638,132.47508001327515,95.85601358542895,
2025-04-17T20:30:28.738,132.5746829509735,88.40885972880542,
2025-04-17T20:30:28.838,132.67502880096436,,0.0
2025-04-17T20:30:28.939,132.77536392211914,,0.0
2025-04-17T20:30:29.038,132.87432098388672,89.27477570094075,
2025-04-17T20:30:29.138,132.97462701797485,90.77422016492807,
2025-04-17T20:30:29.240,133.07683897018433,99.46232220802563,0.9149657547473907
2025-04-17T20:30:29.338,133.17513799667358,,0.0
2025-04-17T20:30:29.438,133.27509689331055,100.61965527615513,0.6609858907228581
2025-04-17T20:30:29.538,133.37486791610718,91.34788728019859,
2025-04-17T20:30:29.638,133.4744098186493,87.10142320071829,0.9150824829936027
2025-04-17T20:30:29.738,133.57436108589172,,0.0
2025-04-17T20:30:29.840,133.6767020225525,,0.0
2025-04-17T20:30:29.939,133.77626299858093,,0.0
2025-04-17T20:30:30.039,133.87585997581482,92.09525256462385,
2025-04-17T20:30:30.138,133.9749312400818,100.23480276342322,
2025-04-17T20:30:30.238,134.0749490261078,,0.0
2025-04-17T20:30:30.338,134.17492389678955,,0.0
2025-04-17T20:30:30.439,134.27601981163025,99.46232220802563,
2025-04-17T20:30:30.538,134.37462902069092,92.35329686610831,
2025-04-17T20:30:30.639,134.47589588165283,,0.0
2025-04-17T20:30:30.738,134.57488703727722,,0.0
2025-04-17T20:30:30.838,134.67485690116882,78.36636600105956,
2025-04-17T20:30:30.937,134.7742178440094,92.6942842898561,
2025-04-17T20:30:31.037,134.8741009235382,,0.0
2025-04-17T20:30:31.138,134.97470092773438,,0.0
2025-04-17T20:30:31.238,135.07433009147644,104.21585347367355,
2025-04-17T20:30:31.337,135.17408514022827,98.69550287742477,
2025-04-17T20:30:31.437,135.27352380752563,92.02136494035602,0.9425519689917564
2025-04-17T20:30:31.537,135.3740270137787,80.98067756861832,1.0
2025-04-17T20:30:31.638,135.4744119644165,,0.0
2025-04-17T20:30:31.737,135.57406210899353,81.31364541876334,0.5961142725250147
2025-04-17T20:30:31.837,135.6739912033081,85.23635830927383,
2025-04-17T20:30:31.937,135.77392411231995,98.01709307365533,0.8809266205877065
2025-04-17T20:30:32.038,135.87493181228638,,0.0
2025-04-17T20:30:32.137,135.97403216362,,0.0
2025-04-17T20:30:32.237,136.0740020275116,100.66978280449668,
2025-04-17T20:30:32.337,136.17363286018372,89.29268063145574,
2025-04-17T20:30:32.438,136.27480006217957,,0.0
2025-04-17T20:30:32.538,136.3750650882721,,0.0
2025-04-17T20:30:32.638,136.47449803352356,71.28826212490021,
2025-04-17T20:30:32.738,136.57498216629028,,0.0
2025-04-17T20:30:32.837,136.67353415489197,98.02723751043196,0.9135622516274452
2025-04-17T20:30:32.936,136.77321481704712,,0.0
2025-04-17T20:30:33.036,136.87326502799988,,0.0
2025-04-17T20:30:33.136,136.97322988510132,102.29526642299815,
2025-04-17T20:30:33.237,137.073566198349,91.43209618416465,
2025-04-17T20:30:33.338,137.17489504814148,73.94001269283936,0.8669865544885397
2025-04-17T20:30:33.437,137.27335906028748,70.61548432064217,1.0
2025-04-17T20:30:33.537,137.37376713752747,,0.0
2025-04-17T20:30:33.636,137.4731318950653,,0.0
2025-04-17T20:30:33.738,137.57489800453186,95.64054943215683,
2025-04-17T20:30:33.837,137.67403411865234,,0.0
2025-04-17T20:30:33.936,137.77304697036743,108.94650468950906,0.8769438996911049
2025-04-17T20:30:34.036,137.87313508987427,,0.0
2025-04-17T20:30:34.137,137.97377800941467,95.9061411137705,0.9536812961101532
2025-04-17T20:30:34.236,138.0730059146881,,0.0
2025-04-17T20:30:34.336,138.17311000823975,,0.0
2025-04-17T20:30:34.437,138.2733759880066,,0.0
2025-04-17T20:30:34.537,138.37352323532104,85.54439716667369,
2025-04-17T20:30:34.637,138.4736180305481,93.91824886406738,
2025-04-17T20:30:34.737,138.5733711719513,,0.0
2025-04-17T20:30:34.837,138.67370796203613,,0.0
2025-04-17T20:30:34.937,138.77396607398987,,0.0
2025-04-17T20:30:35.036,138.8732099533081,100.30484646876603,
2025-04-17T20:30:35.136,138.97318696975708,,0.0
2025-04-17T20:30:35.237,139.07352209091187,,0.0
2025-04-17T20:30:35.337,139.17401313781738,,0.0
2025-04-17T20:30:35.437,139.2740650177002,,0.0
2025-04-17T20:30:35.537,139.37411093711853,93.32740424172657,
2025-04-17T20:30:35.637,139.47367310523987,104.62087398863166,
2025-04-17T20:30:35.737,139.57390093803406,,0.0
2025-04-17T20:30:35.835,139.67205500602722,,0.0
2025-04-17T20:30:35.935,139.77188301086426,97.49585763972986,
2025-04-17T20:30:36.036,139.872407913208,,0.0
2025-04-17T20:30:36.136,139.97254395484924,,0.0
2025-04-17T20:30:36.237,140.0737340450287,,0.0
2025-04-17T20:30:36.335,140.17195796966553,80.03619581009282,
2025-04-17T20:30:36.436,140.27311515808105,84.21760767763595,
2025-04-17T20:30:36.537,140.3736870288849,,0.0
2025-04-17T20:30:36.637,140.47346305847168,110.37643521383639,0.8946428395807743
2025-04-17T20:30:36.737,140.57345819473267,109.79887635452492,
2025-04-17T20:30:36.837,140.67353105545044,100.81387751362496,0.9550862854281641
2025-04-17T20:30:36.937,140.7734398841858,91.61353893288118,0.8778222784399986
2025-04-17T20:30:37.037,140.87346816062927,,0.0
2025-04-17T20:30:37.135,140.9722101688385,,0.0
2025-04-17T20:30:37.235,141.07184195518494,69.44395478041653,
2025-04-17T20:30:37.334,141.17116785049438,87.27368900609373,
2025-04-17T20:30:37.435,141.2722909450531,,0.0
2025-04-17T20:30:37.536,141.37323212623596,,0.0
2025-04-17T20:30:37.637,141.47345495224,110.55604521958347,
2025-04-17T20:30:37.735,141.57159113883972,103.52316065041602,
2025-04-17T20:30:37.835,141.6715428829193,,0.0
2025-04-17T20:30:37.934,141.7709619998932,,0.0
2025-04-17T20:30:38.037,141.87392902374268,,0.0
2025-04-17T20:30:38.135,141.97142386436462,,0.0
2025-04-17T20:30:38.234,142.07051301002502,86.33221194446858,
2025-04-17T20:30:38.336,142.1730968952179,99.58294472353256,
2025-04-17T20:30:38.436,142.27315497398376,,0.0
2025-04-17T20:30:38.536,142.3728528022766,,0.0
2025-04-17T20:30:38.634,142.47105598449707,105.75117366345303,
2025-04-17T20:30:38.734,142.57116603851318,92.0700306530411,
2025-04-17T20:30:38.835,142.671471118927,,0.0
2025-04-17T20:30:38.936,142.77278208732605,,0.0
2025-04-17T20:30:39.036,142.87258791923523,,0.0
2025-04-17T20:30:39.136,142.97307896614075,82.6004053401129,
2025-04-17T20:30:39.234,143.07059407234192,97.1250163489018,
2025-04-17T20:30:39.336,143.17306804656982,,0.0
2025-04-17T20:30:39.435,143.2721230983734,,0.0
