UTC Time,Elapsed Time (s),Angle (degrees),Current,Confidence
2025-04-17T19:39:59.840147+00:00,0.029,NaN,0.5,0
2025-04-17T19:39:59.980986+00:00,0.169,NaN,0.5,0
2025-04-17T19:40:00.105300+00:00,0.294,NaN,0.5,0
2025-04-17T19:40:00.213643+00:00,0.402,NaN,0.5,0
2025-04-17T19:40:00.338775+00:00,0.527,NaN,0.5,0
2025-04-17T19:40:00.448140+00:00,0.637,NaN,0.5,0
2025-04-17T19:40:00.572591+00:00,0.761,NaN,0.5,0
2025-04-17T19:40:00.681659+00:00,0.870,NaN,0.5,0
2025-04-17T19:40:00.806517+00:00,0.995,NaN,0.5,0
2025-04-17T19:40:00.915238+00:00,1.104,NaN,0.5,0
2025-04-17T19:40:01.039387+00:00,1.228,NaN,0.5,0
2025-04-17T19:40:01.148063+00:00,1.337,NaN,0.5,0
2025-04-17T19:40:01.271078+00:00,1.460,NaN,0.5,0
2025-04-17T19:40:01.380242+00:00,1.569,NaN,0.5,0
2025-04-17T19:40:01.504807+00:00,1.693,NaN,0.5,0
2025-04-17T19:40:01.613027+00:00,1.802,NaN,0.5,0
2025-04-17T19:40:01.737527+00:00,1.926,NaN,0.5,0
2025-04-17T19:40:01.844894+00:00,2.033,NaN,0.5,0
2025-04-17T19:40:01.969983+00:00,2.158,NaN,0.5,0
2025-04-17T19:40:02.079097+00:00,2.268,NaN,0.5,0
2025-04-17T19:40:02.202979+00:00,2.391,NaN,0.5,0
2025-04-17T19:40:02.311653+00:00,2.500,NaN,0.5,0
2025-04-17T19:40:02.436401+00:00,2.625,NaN,0.5,0
2025-04-17T19:40:02.544578+00:00,2.733,NaN,0.5,0
2025-04-17T19:40:02.668663+00:00,2.857,NaN,0.5,0
2025-04-17T19:40:02.778851+00:00,2.967,NaN,0.5,0
2025-04-17T19:40:02.901538+00:00,3.090,NaN,0.5,0
2025-04-17T19:40:03.009540+00:00,3.198,100.5,0.5,42.5
2025-04-17T19:40:03.134546+00:00,3.323,96.7,0.5,62.8
2025-04-17T19:40:03.244328+00:00,3.433,95.3,0.5,47.6
2025-04-17T19:40:03.369647+00:00,3.558,94.7,0.5,0.0
2025-04-17T19:40:03.477288+00:00,3.666,94.7,0.5,0.0
2025-04-17T19:40:03.601857+00:00,3.790,94.7,0.5,0.0
2025-04-17T19:40:03.711104+00:00,3.900,94.7,0.5,0.0
2025-04-17T19:40:03.835077+00:00,4.024,94.7,0.5,0.0
2025-04-17T19:40:03.944626+00:00,4.133,94.7,0.5,0.0
2025-04-17T19:40:04.067262+00:00,4.256,94.7,0.5,0.0
2025-04-17T19:40:04.175488+00:00,4.364,94.7,0.5,0.0
2025-04-17T19:40:04.315143+00:00,4.504,94.7,0.5,0.0
2025-04-17T19:40:04.439284+00:00,4.628,94.7,0.5,0.0
2025-04-17T19:40:04.548537+00:00,4.737,94.7,0.5,0.0
2025-04-17T19:40:04.672551+00:00,4.861,94.7,0.5,0.0
2025-04-17T19:40:04.816399+00:00,5.005,94.7,0.5,0.0
2025-04-17T19:40:04.939583+00:00,5.128,94.9,0.5,42.5
2025-04-17T19:40:05.046606+00:00,5.235,96.3,0.5,43.5
2025-04-17T19:40:05.171152+00:00,5.360,101.5,0.5,19.4
2025-04-17T19:40:05.279057+00:00,5.468,111.5,0.5,16.0
2025-04-17T19:40:05.403587+00:00,5.592,159.5,0.5,26.1
2025-04-17T19:40:05.513372+00:00,5.702,230.9,0.5,46.6
2025-04-17T19:40:05.636497+00:00,5.825,303.0,0.5,43.6
2025-04-17T19:40:05.744850+00:00,5.933,83.3,0.5,32.3
2025-04-17T19:40:05.870858+00:00,6.059,90.1,0.5,25.9
2025-04-17T19:40:05.981674+00:00,6.170,91.1,0.5,23.7
2025-04-17T19:40:06.107331+00:00,6.296,91.5,0.5,26.8
2025-04-17T19:40:06.215693+00:00,6.404,91.7,0.5,23.0
2025-04-17T19:40:06.339925+00:00,6.528,91.7,0.5,0.0
2025-04-17T19:40:06.481603+00:00,6.670,118.5,0.5,1.0
2025-04-17T19:40:06.604492+00:00,6.793,118.5,0.5,0.0
2025-04-17T19:40:06.712556+00:00,6.901,118.5,0.5,0.0
2025-04-17T19:40:06.838158+00:00,7.027,118.5,0.5,0.0
2025-04-17T19:40:06.944825+00:00,7.133,118.5,0.5,0.0
2025-04-17T19:40:07.068920+00:00,7.257,118.5,0.5,0.0
2025-04-17T19:40:07.178558+00:00,7.367,118.5,0.5,0.0
2025-04-17T19:40:07.303119+00:00,7.492,118.5,0.5,0.0
2025-04-17T19:40:07.412792+00:00,7.601,118.5,0.5,0.0
2025-04-17T19:40:07.536398+00:00,7.725,118.5,0.5,0.0
2025-04-17T19:40:07.644524+00:00,7.833,118.5,0.5,0.0
2025-04-17T19:40:07.769303+00:00,7.958,118.5,0.5,0.0
2025-04-17T19:40:07.878923+00:00,8.067,118.5,0.5,0.0
2025-04-17T19:40:08.001374+00:00,8.190,118.5,0.5,0.0
2025-04-17T19:40:08.109720+00:00,8.298,118.5,0.5,0.0
2025-04-17T19:40:08.234666+00:00,8.423,118.5,0.5,0.0
2025-04-17T19:40:08.345068+00:00,8.534,118.5,0.5,0.0
2025-04-17T19:40:08.468904+00:00,8.657,118.5,0.5,0.0
2025-04-17T19:40:08.577625+00:00,8.766,118.5,0.5,0.0
2025-04-17T19:40:08.702869+00:00,8.891,118.5,0.5,0.0
2025-04-17T19:40:08.811627+00:00,9.000,118.5,0.5,0.0
2025-04-17T19:40:08.937142+00:00,9.126,118.5,0.5,0.0
2025-04-17T19:40:09.044520+00:00,9.233,118.5,0.5,0.0
2025-04-17T19:40:09.169102+00:00,9.358,118.5,0.5,0.0
2025-04-17T19:40:09.277900+00:00,9.466,118.5,0.5,0.0
2025-04-17T19:40:09.403427+00:00,9.592,101.3,0.5,0.0
2025-04-17T19:40:09.511746+00:00,9.700,101.3,0.5,0.0
2025-04-17T19:40:09.635238+00:00,9.824,101.3,0.5,0.0
2025-04-17T19:40:09.744992+00:00,9.934,101.3,0.5,0.0
2025-04-17T19:40:09.867727+00:00,10.056,101.3,0.5,0.0
2025-04-17T19:40:09.975631+00:00,10.164,101.3,0.5,0.0
2025-04-17T19:40:10.101175+00:00,10.290,101.3,0.5,0.0
2025-04-17T19:40:10.210743+00:00,10.399,101.3,0.5,0.0
2025-04-17T19:40:10.337196+00:00,10.526,96.6,0.5,17.7
2025-04-17T19:40:10.445609+00:00,10.634,86.7,0.5,59.2
2025-04-17T19:40:10.569977+00:00,10.758,80.2,0.5,71.2
2025-04-17T19:40:10.678953+00:00,10.867,74.2,0.5,79.4
2025-04-17T19:40:10.803166+00:00,10.992,59.7,0.5,46.7
2025-04-17T19:40:10.913649+00:00,11.102,41.6,0.5,42.4
2025-04-17T19:40:11.037836+00:00,11.226,9.4,0.5,68.0
2025-04-17T19:40:11.146341+00:00,11.335,355.8,0.5,60.5
2025-04-17T19:40:11.271499+00:00,11.460,352.2,0.5,0.0
2025-04-17T19:40:11.378688+00:00,11.567,359.4,0.5,74.7
2025-04-17T19:40:11.503775+00:00,11.692,23.3,0.5,69.9
2025-04-17T19:40:11.613915+00:00,11.802,45.7,0.5,58.5
2025-04-17T19:40:11.738682+00:00,11.927,64.9,0.5,45.2
2025-04-17T19:40:11.845365+00:00,12.034,74.0,0.5,84.8
2025-04-17T19:40:11.968922+00:00,12.157,83.0,0.5,63.2
2025-04-17T19:40:12.077654+00:00,12.266,89.8,0.5,37.5
2025-04-17T19:40:12.201207+00:00,12.390,132.0,0.5,0.0
2025-04-17T19:40:12.311155+00:00,12.500,132.0,0.5,0.0
2025-04-17T19:40:12.436423+00:00,12.625,132.0,0.5,0.0
2025-04-17T19:40:12.544579+00:00,12.733,132.0,0.5,0.0
2025-04-17T19:40:12.668383+00:00,12.857,132.0,0.5,0.0
2025-04-17T19:40:12.777829+00:00,12.966,132.0,0.5,0.0
2025-04-17T19:40:12.901224+00:00,13.090,132.0,0.5,0.0
2025-04-17T19:40:13.009471+00:00,13.198,132.0,0.5,0.0
2025-04-17T19:40:13.133517+00:00,13.322,132.0,0.5,0.0
2025-04-17T19:40:13.242687+00:00,13.431,132.0,0.5,0.0
2025-04-17T19:40:13.368636+00:00,13.557,132.0,0.5,0.0
2025-04-17T19:40:13.477303+00:00,13.666,132.0,0.5,0.0
2025-04-17T19:40:13.615146+00:00,13.804,132.0,0.5,0.0
2025-04-17T19:40:13.740479+00:00,13.929,132.0,0.5,0.0
2025-04-17T19:40:13.847660+00:00,14.036,132.0,0.5,0.0
2025-04-17T19:40:13.973357+00:00,14.162,132.0,0.5,0.0
2025-04-17T19:40:14.114804+00:00,14.303,132.0,0.5,0.0
2025-04-17T19:40:14.238024+00:00,14.427,132.0,0.5,0.0
2025-04-17T19:40:14.347091+00:00,14.536,132.0,0.5,0.0
2025-04-17T19:40:14.470581+00:00,14.659,132.0,0.5,0.0
2025-04-17T19:40:14.580424+00:00,14.769,132.0,0.5,0.0
2025-04-17T19:40:14.706722+00:00,14.895,132.0,0.5,0.0
2025-04-17T19:40:14.813512+00:00,15.002,132.0,0.5,0.0
2025-04-17T19:40:14.938096+00:00,15.127,132.0,0.5,0.0
2025-04-17T19:40:15.048064+00:00,15.237,132.0,0.5,0.0
2025-04-17T19:40:15.172456+00:00,15.361,132.0,0.5,0.0
2025-04-17T19:40:15.281559+00:00,15.470,132.0,0.5,0.0
2025-04-17T19:40:15.405115+00:00,15.594,132.0,0.5,0.0
2025-04-17T19:40:15.514206+00:00,15.703,132.0,0.5,0.0
2025-04-17T19:40:15.639983+00:00,15.828,132.0,0.5,0.0
2025-04-17T19:40:15.746483+00:00,15.935,132.0,0.5,0.0
2025-04-17T19:40:15.872371+00:00,16.061,132.0,0.5,0.0
2025-04-17T19:40:15.981085+00:00,16.170,132.0,0.5,0.0
2025-04-17T19:40:16.105482+00:00,16.294,132.0,0.5,0.0
2025-04-17T19:40:16.213545+00:00,16.402,132.0,0.5,0.0
2025-04-17T19:40:16.338652+00:00,16.527,132.0,0.5,0.0
2025-04-17T19:40:16.448792+00:00,16.637,132.0,0.5,0.0
2025-04-17T19:40:16.574616+00:00,16.763,34.6,0.5,39.1
2025-04-17T19:40:16.681696+00:00,16.870,20.7,0.5,43.6
2025-04-17T19:40:16.806345+00:00,16.995,12.2,0.5,63.4
2025-04-17T19:40:16.913012+00:00,17.102,11.1,0.5,41.5
2025-04-17T19:40:17.038354+00:00,17.227,23.4,0.5,37.3
2025-04-17T19:40:17.148790+00:00,17.337,37.4,0.5,31.9
2025-04-17T19:40:17.273991+00:00,17.463,56.8,0.5,29.3
2025-04-17T19:40:17.381864+00:00,17.570,69.9,0.5,35.2
2025-04-17T19:40:17.505586+00:00,17.694,82.0,0.5,26.1
2025-04-17T19:40:17.613617+00:00,17.802,94.2,0.5,23.7
2025-04-17T19:40:17.736784+00:00,17.925,114.0,0.5,14.8
2025-04-17T19:40:17.845409+00:00,18.034,122.0,0.5,0.0
2025-04-17T19:40:17.970346+00:00,18.159,122.0,0.5,0.0
2025-04-17T19:40:18.078489+00:00,18.267,122.0,0.5,0.0
2025-04-17T19:40:18.202597+00:00,18.391,122.0,0.5,0.0
2025-04-17T19:40:18.310504+00:00,18.499,122.0,0.5,0.0
2025-04-17T19:40:18.448695+00:00,18.637,122.0,0.5,0.0
2025-04-17T19:40:18.574770+00:00,18.763,122.0,0.5,0.0
2025-04-17T19:40:18.700059+00:00,18.889,108.9,0.5,25.7
2025-04-17T19:40:18.810390+00:00,18.999,94.8,0.5,31.4
2025-04-17T19:40:18.933972+00:00,19.122,76.5,0.5,33.5
2025-04-17T19:40:19.043671+00:00,19.232,66.6,0.5,65.1
2025-04-17T19:40:19.167238+00:00,19.356,43.1,0.5,79.2
2025-04-17T19:40:19.276493+00:00,19.465,24.8,0.5,61.4
2025-04-17T19:40:19.402999+00:00,19.592,4.8,0.5,74.2
2025-04-17T19:40:19.510723+00:00,19.699,356.3,0.5,81.4
2025-04-17T19:40:19.634290+00:00,19.823,355.8,0.5,83.3
2025-04-17T19:40:19.744621+00:00,19.933,2.3,0.5,79.0
2025-04-17T19:40:19.868126+00:00,20.057,19.1,0.5,70.2
2025-04-17T19:40:19.977815+00:00,20.166,35.5,0.5,78.5
2025-04-17T19:40:20.102872+00:00,20.291,57.8,0.5,78.5
2025-04-17T19:40:20.212544+00:00,20.401,73.3,0.5,75.4
2025-04-17T19:40:20.337509+00:00,20.526,93.9,0.5,75.1
2025-04-17T19:40:20.446583+00:00,20.635,109.0,0.5,74.4
2025-04-17T19:40:20.570356+00:00,20.759,135.6,0.5,53.6
2025-04-17T19:40:20.678155+00:00,20.867,151.5,0.5,56.3
2025-04-17T19:40:20.801011+00:00,20.990,164.3,0.5,72.0
2025-04-17T19:40:20.911327+00:00,21.100,165.0,0.5,0.0
2025-04-17T19:40:21.050274+00:00,21.239,162.3,0.5,75.2
2025-04-17T19:40:21.173186+00:00,21.362,150.7,0.5,79.3
2025-04-17T19:40:21.283434+00:00,21.472,137.6,0.5,67.7
2025-04-17T19:40:21.405402+00:00,21.594,118.0,0.5,73.2
2025-04-17T19:40:21.512586+00:00,21.701,103.2,0.5,79.7
2025-04-17T19:40:21.637823+00:00,21.826,82.8,0.5,84.1
2025-04-17T19:40:21.745142+00:00,21.934,66.4,0.5,84.2
2025-04-17T19:40:21.870090+00:00,22.059,42.3,0.5,84.1
2025-04-17T19:40:21.979661+00:00,22.168,24.8,0.5,78.8
2025-04-17T19:40:22.103215+00:00,22.292,6.0,0.5,80.1
2025-04-17T19:40:22.213831+00:00,22.402,357.2,0.5,79.3
2025-04-17T19:40:22.336644+00:00,22.525,353.6,0.5,0.0
2025-04-17T19:40:22.445448+00:00,22.634,356.3,0.5,81.2
2025-04-17T19:40:22.569564+00:00,22.758,7.6,0.5,79.3
2025-04-17T19:40:22.677683+00:00,22.866,20.7,0.5,80.9
2025-04-17T19:40:22.802938+00:00,22.991,42.0,0.5,79.7
2025-04-17T19:40:22.912608+00:00,23.101,59.0,0.5,74.6
2025-04-17T19:40:23.037091+00:00,23.226,81.7,0.5,82.0
2025-04-17T19:40:23.144344+00:00,23.333,98.8,0.5,83.4
2025-04-17T19:40:23.268943+00:00,23.457,120.5,0.5,70.9
2025-04-17T19:40:23.378643+00:00,23.567,135.9,0.5,58.8
2025-04-17T19:40:23.500841+00:00,23.689,151.1,0.5,67.4
2025-04-17T19:40:23.609203+00:00,23.798,157.3,0.5,77.6
2025-04-17T19:40:23.748864+00:00,23.937,158.3,0.5,0.0
2025-04-17T19:40:23.873670+00:00,24.062,151.1,0.5,76.0
2025-04-17T19:40:24.014804+00:00,24.203,137.1,0.5,62.6
2025-04-17T19:40:24.137993+00:00,24.327,118.9,0.5,70.8
2025-04-17T19:40:24.249079+00:00,24.438,103.6,0.5,82.9
2025-04-17T19:40:24.369097+00:00,24.558,81.2,0.5,81.9
2025-04-17T19:40:24.476734+00:00,24.665,63.1,0.5,77.8
2025-04-17T19:40:24.615292+00:00,24.804,38.1,0.5,77.0
2025-04-17T19:40:24.739274+00:00,24.928,16.0,0.5,76.7
2025-04-17T19:40:24.848749+00:00,25.037,4.0,0.5,72.8
2025-04-17T19:40:24.973674+00:00,25.162,355.2,0.5,76.2
2025-04-17T19:40:25.081108+00:00,25.270,354.3,0.5,0.0
2025-04-17T19:40:25.204704+00:00,25.393,0.1,0.5,78.8
2025-04-17T19:40:25.312714+00:00,25.501,9.3,0.5,76.0
2025-04-17T19:40:25.436554+00:00,25.625,27.4,0.5,69.6
2025-04-17T19:40:25.544088+00:00,25.733,43.7,0.5,62.2
2025-04-17T19:40:25.668146+00:00,25.857,67.7,0.5,63.2
2025-04-17T19:40:25.776472+00:00,25.965,86.9,0.5,69.4
2025-04-17T19:40:25.916448+00:00,26.105,112.5,0.5,76.8
2025-04-17T19:40:26.040344+00:00,26.229,135.6,0.5,82.4
2025-04-17T19:40:26.181080+00:00,26.370,153.1,0.5,83.0
2025-04-17T19:40:26.306387+00:00,26.495,162.6,0.5,77.2
2025-04-17T19:40:26.412978+00:00,26.601,163.7,0.5,0.0
2025-04-17T19:40:26.538114+00:00,26.727,159.7,0.5,81.1
2025-04-17T19:40:26.646454+00:00,26.835,151.6,0.5,83.9
2025-04-17T19:40:26.769618+00:00,26.958,135.2,0.5,82.2
2025-04-17T19:40:26.879592+00:00,27.068,119.5,0.5,79.5
2025-04-17T19:40:27.003617+00:00,27.192,95.2,0.5,73.3
2025-04-17T19:40:27.113049+00:00,27.302,75.8,0.5,69.1
2025-04-17T19:40:27.235467+00:00,27.424,49.5,0.5,64.6
2025-04-17T19:40:27.345108+00:00,27.534,37.1,0.5,0.0
2025-04-17T19:40:27.470265+00:00,27.659,16.9,0.5,100.0
2025-04-17T19:40:27.579651+00:00,27.768,6.6,0.5,100.0
2025-04-17T19:40:27.705733+00:00,27.894,360.0,0.5,100.0
2025-04-17T19:40:27.811131+00:00,28.000,0.6,0.5,100.0
2025-04-17T19:40:27.934019+00:00,28.123,8.0,0.5,100.0
2025-04-17T19:40:28.044223+00:00,28.233,18.4,0.5,100.0
2025-04-17T19:40:28.167855+00:00,28.356,38.1,0.5,100.0
2025-04-17T19:40:28.276529+00:00,28.465,55.8,0.5,100.0
2025-04-17T19:40:28.401225+00:00,28.590,82.0,0.5,100.0
2025-04-17T19:40:28.510187+00:00,28.699,102.6,0.5,100.0
2025-04-17T19:40:28.633824+00:00,28.822,126.7,0.5,100.0
2025-04-17T19:40:28.744172+00:00,28.933,141.8,0.5,100.0
2025-04-17T19:40:28.869718+00:00,29.058,156.8,0.5,100.0
2025-04-17T19:40:28.977969+00:00,29.166,163.6,0.5,100.0
2025-04-17T19:40:29.102850+00:00,29.291,166.0,0.5,0.0
2025-04-17T19:40:29.212166+00:00,29.401,163.9,0.5,100.0
2025-04-17T19:40:29.337497+00:00,29.526,154.7,0.5,100.0
2025-04-17T19:40:29.447118+00:00,29.636,143.6,0.5,100.0
2025-04-17T19:40:29.570966+00:00,29.759,127.3,0.5,100.0
2025-04-17T19:40:29.678963+00:00,29.867,110.0,0.5,100.0
2025-04-17T19:40:29.804057+00:00,29.993,104.1,0.5,0.0
2025-04-17T19:40:29.913780+00:00,30.102,104.1,0.5,0.0
2025-04-17T19:40:30.038920+00:00,30.227,104.1,0.5,0.0
2025-04-17T19:40:30.148690+00:00,30.337,104.1,0.5,0.0
2025-04-17T19:40:30.273162+00:00,30.462,104.1,0.5,0.0
2025-04-17T19:40:30.415674+00:00,30.604,104.1,0.5,0.0
2025-04-17T19:40:30.538312+00:00,30.727,104.1,0.5,0.0
2025-04-17T19:40:30.645722+00:00,30.834,104.1,0.5,0.0
2025-04-17T19:40:30.769410+00:00,30.958,104.1,0.5,0.0
2025-04-17T19:40:30.877483+00:00,31.066,104.1,0.5,0.0
2025-04-17T19:40:31.002569+00:00,31.191,104.1,0.5,0.0
2025-04-17T19:40:31.113457+00:00,31.302,104.1,0.5,0.0
2025-04-17T19:40:31.236998+00:00,31.426,116.0,0.5,47.2
2025-04-17T19:40:31.345017+00:00,31.534,127.6,0.5,64.4
2025-04-17T19:40:31.469946+00:00,31.658,146.3,0.5,58.3
2025-04-17T19:40:31.577876+00:00,31.766,156.0,0.5,61.7
2025-04-17T19:40:31.715001+00:00,31.904,163.0,0.5,66.8
2025-04-17T19:40:31.839605+00:00,32.028,163.0,0.5,72.8
2025-04-17T19:40:31.948088+00:00,32.137,158.4,0.5,65.7
2025-04-17T19:40:32.073470+00:00,32.262,146.4,0.5,62.5
2025-04-17T19:40:32.181658+00:00,32.370,132.9,0.5,65.9
2025-04-17T19:40:32.307265+00:00,32.496,110.2,0.5,62.8
2025-04-17T19:40:32.413980+00:00,32.602,90.6,0.5,64.3
2025-04-17T19:40:32.537987+00:00,32.726,63.9,0.5,63.4
2025-04-17T19:40:32.648598+00:00,32.837,54.6,0.5,0.0
2025-04-17T19:40:32.773077+00:00,32.962,54.6,0.5,0.0
2025-04-17T19:40:32.883023+00:00,33.072,54.6,0.5,0.0
2025-04-17T19:40:33.006536+00:00,33.195,54.6,0.5,0.0
2025-04-17T19:40:33.115321+00:00,33.304,54.6,0.5,0.0
2025-04-17T19:40:33.239105+00:00,33.428,54.6,0.5,0.0
2025-04-17T19:40:33.348675+00:00,33.537,54.6,0.5,0.0
2025-04-17T19:40:33.475120+00:00,33.664,54.6,0.5,0.0
2025-04-17T19:40:33.616144+00:00,33.805,54.6,0.5,0.0
2025-04-17T19:40:33.741263+00:00,33.930,63.8,0.5,0.0
2025-04-17T19:40:33.881160+00:00,34.070,63.8,0.5,0.0
2025-04-17T19:40:34.006496+00:00,34.195,63.8,0.5,0.0
2025-04-17T19:40:34.114425+00:00,34.303,63.8,0.5,0.0
2025-04-17T19:40:34.238651+00:00,34.427,63.8,0.5,0.0
2025-04-17T19:40:34.347143+00:00,34.536,63.8,0.5,0.0
2025-04-17T19:40:34.471041+00:00,34.660,63.8,0.5,0.0
2025-04-17T19:40:34.581275+00:00,34.770,63.8,0.5,0.0
2025-04-17T19:40:34.704983+00:00,34.893,63.8,0.5,0.0
2025-04-17T19:40:34.813944+00:00,35.002,63.8,0.5,0.0
2025-04-17T19:40:34.937656+00:00,35.126,63.8,0.5,0.0
2025-04-17T19:40:35.049658+00:00,35.238,63.8,0.5,0.0
2025-04-17T19:40:35.175117+00:00,35.364,63.8,0.5,0.0
2025-04-17T19:40:35.315464+00:00,35.504,63.8,0.5,0.0
2025-04-17T19:40:35.439096+00:00,35.628,63.8,0.5,0.0
2025-04-17T19:40:35.582144+00:00,35.771,63.8,0.5,0.0
2025-04-17T19:40:35.706466+00:00,35.895,63.8,0.5,0.0
2025-04-17T19:40:35.847923+00:00,36.036,63.8,0.5,0.0
2025-04-17T19:40:35.972105+00:00,36.161,63.8,0.5,0.0
2025-04-17T19:40:36.079318+00:00,36.268,63.8,0.5,0.0
2025-04-17T19:40:36.204503+00:00,36.393,63.8,0.5,0.0
2025-04-17T19:40:36.312714+00:00,36.501,63.8,0.5,0.0
2025-04-17T19:40:36.436979+00:00,36.625,63.8,0.5,0.0
2025-04-17T19:40:36.546706+00:00,36.735,63.8,0.5,0.0
2025-04-17T19:40:36.671052+00:00,36.860,63.8,0.5,0.0
2025-04-17T19:40:36.779887+00:00,36.968,63.8,0.5,0.0
2025-04-17T19:40:36.904181+00:00,37.093,63.8,0.5,0.0
2025-04-17T19:40:37.010010+00:00,37.199,63.8,0.5,0.0
2025-04-17T19:40:37.135634+00:00,37.324,63.8,0.5,0.0
2025-04-17T19:40:37.244092+00:00,37.433,63.8,0.5,0.0
2025-04-17T19:40:37.367493+00:00,37.556,63.8,0.5,0.0
2025-04-17T19:40:37.476397+00:00,37.665,63.8,0.5,0.0
2025-04-17T19:40:37.600868+00:00,37.789,63.8,0.5,0.0
2025-04-17T19:40:37.709284+00:00,37.898,63.8,0.5,0.0
2025-04-17T19:40:37.834299+00:00,38.023,63.8,0.5,0.0
2025-04-17T19:40:37.943500+00:00,38.132,63.8,0.5,0.0
2025-04-17T19:40:38.082543+00:00,38.271,63.8,0.5,0.0
2025-04-17T19:40:38.205514+00:00,38.394,63.8,0.5,0.0
2025-04-17T19:40:38.313780+00:00,38.502,63.8,0.5,0.0
2025-04-17T19:40:38.438667+00:00,38.627,63.8,0.5,0.0
2025-04-17T19:40:38.549037+00:00,38.738,63.8,0.5,0.0
2025-04-17T19:40:38.671469+00:00,38.860,63.8,0.5,0.0
2025-04-17T19:40:38.781275+00:00,38.970,63.8,0.5,0.0
2025-04-17T19:40:38.905120+00:00,39.094,63.8,0.5,0.0
2025-04-17T19:40:39.014035+00:00,39.203,63.8,0.5,0.0
2025-04-17T19:40:39.136705+00:00,39.325,63.8,0.5,0.0
2025-04-17T19:40:39.245412+00:00,39.434,63.8,0.5,0.0
2025-04-17T19:40:39.368998+00:00,39.558,63.8,0.5,0.0
2025-04-17T19:40:39.477620+00:00,39.666,141.8,0.5,34.0
2025-04-17T19:40:39.601046+00:00,39.790,151.3,0.5,34.4
2025-04-17T19:40:39.710385+00:00,39.899,153.7,0.5,0.0
2025-04-17T19:40:39.837092+00:00,40.026,151.1,0.5,34.0
2025-04-17T19:40:39.947462+00:00,40.136,140.1,0.5,30.2
2025-04-17T19:40:40.069546+00:00,40.258,125.0,0.5,27.0
2025-04-17T19:40:40.177471+00:00,40.366,116.9,0.5,23.6
2025-04-17T19:40:40.300952+00:00,40.489,112.5,0.5,0.0
2025-04-17T19:40:40.409278+00:00,40.598,112.5,0.5,0.0
2025-04-17T19:40:40.533520+00:00,40.722,112.5,0.5,0.0
2025-04-17T19:40:40.643294+00:00,40.832,112.5,0.5,0.0
2025-04-17T19:40:40.767767+00:00,40.956,112.5,0.5,0.0
2025-04-17T19:40:40.876587+00:00,41.065,112.5,0.5,0.0
2025-04-17T19:40:40.999802+00:00,41.188,112.5,0.5,0.0
2025-04-17T19:40:41.109550+00:00,41.298,112.5,0.5,0.0
2025-04-17T19:40:41.248897+00:00,41.437,112.5,0.5,0.0
2025-04-17T19:40:41.372865+00:00,41.561,112.5,0.5,0.0
2025-04-17T19:40:41.481621+00:00,41.670,112.5,0.5,0.0
2025-04-17T19:40:41.607346+00:00,41.796,112.5,0.5,0.0
2025-04-17T19:40:41.714877+00:00,41.903,112.5,0.5,0.0
2025-04-17T19:40:41.839130+00:00,42.028,112.5,0.5,0.0
2025-04-17T19:40:41.947412+00:00,42.136,122.5,0.5,45.4
2025-04-17T19:40:42.070975+00:00,42.259,137.1,0.5,30.2
2025-04-17T19:40:42.181306+00:00,42.370,145.2,0.5,41.8
2025-04-17T19:40:42.304642+00:00,42.493,151.6,0.5,70.4
2025-04-17T19:40:42.413030+00:00,42.602,150.1,0.5,80.0
2025-04-17T19:40:42.538773+00:00,42.727,137.8,0.5,54.8
2025-04-17T19:40:42.648763+00:00,42.837,125.3,0.5,47.5
2025-04-17T19:40:42.772921+00:00,42.961,109.6,0.5,61.4
2025-04-17T19:40:42.881849+00:00,43.070,101.1,0.5,53.8
2025-04-17T19:40:43.005245+00:00,43.194,93.3,0.5,65.3
2025-04-17T19:40:43.114582+00:00,43.303,88.8,0.5,35.7
2025-04-17T19:40:43.239216+00:00,43.428,83.2,0.5,19.5
2025-04-17T19:40:43.346553+00:00,43.535,66.1,0.5,0.0
2025-04-17T19:40:43.473048+00:00,43.662,66.1,0.5,0.0
2025-04-17T19:40:43.582404+00:00,43.771,66.1,0.5,0.0
2025-04-17T19:40:43.704800+00:00,43.893,66.1,0.5,0.0
2025-04-17T19:40:43.814515+00:00,44.003,66.1,0.5,0.0
2025-04-17T19:40:43.938065+00:00,44.127,66.1,0.5,0.0
2025-04-17T19:40:44.047562+00:00,44.236,66.1,0.5,0.0
2025-04-17T19:40:44.171195+00:00,44.360,66.1,0.5,0.0
2025-04-17T19:40:44.280672+00:00,44.469,66.1,0.5,0.0
2025-04-17T19:40:44.404903+00:00,44.593,66.1,0.5,0.0
2025-04-17T19:40:44.513010+00:00,44.702,103.9,0.5,65.3
2025-04-17T19:40:44.636915+00:00,44.825,105.3,0.5,67.8
2025-04-17T19:40:44.744792+00:00,44.933,106.0,0.5,52.1
2025-04-17T19:40:44.868703+00:00,45.057,103.9,0.5,61.1
2025-04-17T19:40:44.977603+00:00,45.166,98.9,0.5,78.8
2025-04-17T19:40:45.103821+00:00,45.292,90.5,0.5,63.7
2025-04-17T19:40:45.211523+00:00,45.400,86.5,0.5,50.6
2025-04-17T19:40:45.337242+00:00,45.526,85.2,0.5,61.9
2025-04-17T19:40:45.447027+00:00,45.636,86.1,0.5,64.9
2025-04-17T19:40:45.571214+00:00,45.760,87.8,0.5,61.8
2025-04-17T19:40:45.680754+00:00,45.869,90.0,0.5,41.5
2025-04-17T19:40:45.804390+00:00,45.993,94.1,0.5,25.6
2025-04-17T19:40:45.914116+00:00,46.103,107.8,0.5,0.0
2025-04-17T19:40:46.038078+00:00,46.227,107.8,0.5,0.0
2025-04-17T19:40:46.146535+00:00,46.335,107.8,0.5,0.0
2025-04-17T19:40:46.270631+00:00,46.459,107.8,0.5,0.0
2025-04-17T19:40:46.378929+00:00,46.567,107.8,0.5,0.0
2025-04-17T19:40:46.501816+00:00,46.690,107.8,0.5,0.0
2025-04-17T19:40:46.610145+00:00,46.799,107.8,0.5,0.0
2025-04-17T19:40:46.733917+00:00,46.922,107.8,0.5,0.0
2025-04-17T19:40:46.843372+00:00,47.032,107.8,0.5,0.0
2025-04-17T19:40:46.967903+00:00,47.156,107.8,0.5,0.0
2025-04-17T19:40:47.077392+00:00,47.266,107.8,0.5,0.0
2025-04-17T19:40:47.200429+00:00,47.389,107.8,0.5,0.0
2025-04-17T19:40:47.309673+00:00,47.498,107.8,0.5,0.0
2025-04-17T19:40:47.435224+00:00,47.624,107.8,0.5,0.0
2025-04-17T19:40:47.545382+00:00,47.734,107.8,0.5,0.0
2025-04-17T19:40:47.668601+00:00,47.857,107.8,0.5,0.0
2025-04-17T19:40:47.778123+00:00,47.967,107.8,0.5,0.0
2025-04-17T19:40:47.905422+00:00,48.094,107.8,0.5,0.0
2025-04-17T19:40:48.013111+00:00,48.202,107.8,0.5,0.0
2025-04-17T19:40:48.135182+00:00,48.324,107.8,0.5,0.0
2025-04-17T19:40:48.245606+00:00,48.434,107.8,0.5,0.0
2025-04-17T19:40:48.369050+00:00,48.558,103.4,0.5,42.9
2025-04-17T19:40:48.477464+00:00,48.666,115.5,0.5,22.7
2025-04-17T19:40:48.614826+00:00,48.803,122.0,0.5,0.0
2025-04-17T19:40:48.739066+00:00,48.928,122.0,0.5,0.0
2025-04-17T19:40:48.845667+00:00,49.034,122.0,0.5,0.0
2025-04-17T19:40:48.971273+00:00,49.160,122.0,0.5,0.0
2025-04-17T19:40:49.080211+00:00,49.269,122.0,0.5,0.0
2025-04-17T19:40:49.204799+00:00,49.393,122.0,0.5,0.0
2025-04-17T19:40:49.316411+00:00,49.505,113.0,0.5,53.1
2025-04-17T19:40:49.438931+00:00,49.627,99.8,0.5,53.3
2025-04-17T19:40:49.548439+00:00,49.737,96.0,0.5,72.0
2025-04-17T19:40:49.673619+00:00,49.862,83.8,0.5,66.7
2025-04-17T19:40:49.782547+00:00,49.971,70.1,0.5,67.6
2025-04-17T19:40:49.905198+00:00,50.094,50.9,0.5,72.2
2025-04-17T19:40:50.014305+00:00,50.203,38.5,0.5,74.2
2025-04-17T19:40:50.139491+00:00,50.328,29.2,0.5,84.9
2025-04-17T19:40:50.248475+00:00,50.437,28.9,0.5,86.4
2025-04-17T19:40:50.372100+00:00,50.561,35.6,0.5,90.5
2025-04-17T19:40:50.481392+00:00,50.670,44.7,0.5,87.6
2025-04-17T19:40:50.606390+00:00,50.795,59.8,0.5,75.9
2025-04-17T19:40:50.714940+00:00,50.903,72.4,0.5,71.5
2025-04-17T19:40:50.839560+00:00,51.028,90.4,0.5,65.8
2025-04-17T19:40:50.947815+00:00,51.136,104.3,0.5,57.5
2025-04-17T19:40:51.070518+00:00,51.259,122.6,0.5,85.3
2025-04-17T19:40:51.179414+00:00,51.368,135.9,0.5,69.7
2025-04-17T19:40:51.303393+00:00,51.492,149.3,0.5,94.5
2025-04-17T19:40:51.413667+00:00,51.602,154.2,0.5,93.0
2025-04-17T19:40:51.538117+00:00,51.727,154.4,0.5,89.8
2025-04-17T19:40:51.647312+00:00,51.836,150.3,0.5,90.1
2025-04-17T19:40:51.770342+00:00,51.959,140.2,0.5,81.8
2025-04-17T19:40:51.880126+00:00,52.069,130.0,0.5,65.7
2025-04-17T19:40:52.002778+00:00,52.191,113.3,0.5,68.3
2025-04-17T19:40:52.111803+00:00,52.300,103.8,0.5,0.0
2025-04-17T19:40:52.235513+00:00,52.424,88.3,0.5,51.3
2025-04-17T19:40:52.344389+00:00,52.533,73.2,0.5,65.8
2025-04-17T19:40:52.468937+00:00,52.657,54.6,0.5,86.0
2025-04-17T19:40:52.577150+00:00,52.766,43.7,0.5,92.9
2025-04-17T19:40:52.714989+00:00,52.904,35.5,0.5,100.0
2025-04-17T19:40:52.838632+00:00,53.027,35.2,0.5,100.0
2025-04-17T19:40:52.946693+00:00,53.135,39.3,0.5,100.0
2025-04-17T19:40:53.069469+00:00,53.258,50.1,0.5,100.0
2025-04-17T19:40:53.178723+00:00,53.367,61.6,0.5,99.8
2025-04-17T19:40:53.301101+00:00,53.490,80.6,0.5,99.7
2025-04-17T19:40:53.410315+00:00,53.599,96.4,0.5,98.5
2025-04-17T19:40:53.533400+00:00,53.722,117.5,0.5,61.2
2025-04-17T19:40:53.642193+00:00,53.831,132.4,0.5,69.4
2025-04-17T19:40:53.782352+00:00,53.971,148.4,0.5,86.6
2025-04-17T19:40:53.908621+00:00,54.097,158.8,0.5,91.6
2025-04-17T19:40:54.014820+00:00,54.203,158.8,0.5,84.0
2025-04-17T19:40:54.140126+00:00,54.329,158.8,0.5,91.2
2025-04-17T19:40:54.281462+00:00,54.470,157.0,0.5,66.1
2025-04-17T19:40:54.405640+00:00,54.594,151.0,0.5,100.0
2025-04-17T19:40:54.514803+00:00,54.703,147.5,0.5,0.0
2025-04-17T19:40:54.639454+00:00,54.828,147.5,0.5,0.0
2025-04-17T19:40:54.746562+00:00,54.935,147.5,0.5,0.0
2025-04-17T19:40:54.871106+00:00,55.060,147.5,0.5,0.0
2025-04-17T19:40:54.980045+00:00,55.169,147.5,0.5,0.0
2025-04-17T19:40:55.102460+00:00,55.291,147.5,0.5,0.0
2025-04-17T19:40:55.211083+00:00,55.400,147.5,0.5,0.0
2025-04-17T19:40:55.334571+00:00,55.523,147.5,0.5,0.0
2025-04-17T19:40:55.444497+00:00,55.633,147.5,0.5,0.0
2025-04-17T19:40:55.568831+00:00,55.757,147.5,0.5,0.0
2025-04-17T19:40:55.680114+00:00,55.869,45.8,0.5,49.0
2025-04-17T19:40:55.802875+00:00,55.991,63.5,0.5,43.4
2025-04-17T19:40:55.911596+00:00,56.100,79.4,0.5,43.9
2025-04-17T19:40:56.037065+00:00,56.226,101.5,0.5,43.2
2025-04-17T19:40:56.144629+00:00,56.333,117.3,0.5,43.3
2025-04-17T19:40:56.267624+00:00,56.456,135.0,0.5,45.3
2025-04-17T19:40:56.376461+00:00,56.565,145.0,0.5,48.4
2025-04-17T19:40:56.501845+00:00,56.690,153.6,0.5,35.5
2025-04-17T19:40:56.609582+00:00,56.798,155.6,0.5,0.0
2025-04-17T19:40:56.734733+00:00,56.923,153.7,0.5,67.9
2025-04-17T19:40:56.844502+00:00,57.033,147.8,0.5,38.2
2025-04-17T19:40:56.969243+00:00,57.158,134.4,0.5,40.9
2025-04-17T19:40:57.078990+00:00,57.268,120.9,0.5,45.6
2025-04-17T19:40:57.203090+00:00,57.392,99.5,0.5,40.3
2025-04-17T19:40:57.311685+00:00,57.500,82.7,0.5,35.0
2025-04-17T19:40:57.436608+00:00,57.625,61.7,0.5,31.8
2025-04-17T19:40:57.546607+00:00,57.735,48.2,0.5,41.8
2025-04-17T19:40:57.670367+00:00,57.859,34.3,0.5,46.2
2025-04-17T19:40:57.779094+00:00,57.968,27.5,0.5,56.2
2025-04-17T19:40:57.900333+00:00,58.089,24.3,0.5,0.0
2025-04-17T19:40:58.011229+00:00,58.200,26.0,0.5,63.6
2025-04-17T19:40:58.148362+00:00,58.337,34.7,0.5,59.2
2025-04-17T19:40:58.271581+00:00,58.460,49.9,0.5,56.3
2025-04-17T19:40:58.380709+00:00,58.569,64.4,0.5,50.2
2025-04-17T19:40:58.504699+00:00,58.693,85.6,0.5,44.0
2025-04-17T19:40:58.614123+00:00,58.803,100.9,0.5,42.8
2025-04-17T19:40:58.735161+00:00,58.924,119.5,0.5,33.0
2025-04-17T19:40:58.845099+00:00,59.034,131.1,0.5,46.7
2025-04-17T19:40:58.969636+00:00,59.158,143.1,0.5,54.4
2025-04-17T19:40:59.078933+00:00,59.267,148.7,0.5,62.4
2025-04-17T19:40:59.202906+00:00,59.391,150.7,0.5,61.0
2025-04-17T19:40:59.312876+00:00,59.501,147.4,0.5,51.6
2025-04-17T19:40:59.435732+00:00,59.624,136.8,0.5,53.0
2025-04-17T19:40:59.545267+00:00,59.734,124.7,0.5,48.3
2025-04-17T19:40:59.669476+00:00,59.858,105.4,0.5,50.7
2025-04-17T19:40:59.776659+00:00,59.965,90.5,0.5,47.0
2025-04-17T19:40:59.916503+00:00,60.105,72.2,0.5,27.4
2025-04-17T19:41:00.039410+00:00,60.228,55.6,0.5,49.0
2025-04-17T19:41:00.180684+00:00,60.369,41.8,0.5,53.8
2025-04-17T19:41:00.303884+00:00,60.492,32.1,0.5,56.8
2025-04-17T19:41:00.413606+00:00,60.602,28.9,0.5,59.0
2025-04-17T19:41:00.537472+00:00,60.726,30.1,0.5,46.0
2025-04-17T19:41:00.646574+00:00,60.835,36.7,0.5,57.3
2025-04-17T19:41:00.770781+00:00,60.959,50.2,0.5,71.6
2025-04-17T19:41:00.879215+00:00,61.068,62.5,0.5,62.1
2025-04-17T19:41:01.004533+00:00,61.193,80.4,0.5,64.5
2025-04-17T19:41:01.116734+00:00,61.305,92.7,0.5,70.2
2025-04-17T19:41:01.238091+00:00,61.427,107.3,0.5,72.6
2025-04-17T19:41:01.348157+00:00,61.537,117.2,0.5,62.7
2025-04-17T19:41:01.471012+00:00,61.660,129.2,0.5,52.7
2025-04-17T19:41:01.580004+00:00,61.769,136.6,0.5,63.4
2025-04-17T19:41:01.704584+00:00,61.893,141.5,0.5,72.0
2025-04-17T19:41:01.812258+00:00,62.001,139.1,0.5,71.7
2025-04-17T19:41:01.936355+00:00,62.125,126.9,0.5,64.8
2025-04-17T19:41:02.045173+00:00,62.234,113.9,0.5,56.6
2025-04-17T19:41:02.168719+00:00,62.357,97.1,0.5,64.7
2025-04-17T19:41:02.279520+00:00,62.468,85.8,0.5,64.2
2025-04-17T19:41:02.401596+00:00,62.590,73.4,0.5,70.6
2025-04-17T19:41:02.510036+00:00,62.699,65.0,0.5,72.5
2025-04-17T19:41:02.634592+00:00,62.823,54.7,0.5,69.8
2025-04-17T19:41:02.743149+00:00,62.932,49.7,0.5,54.2
2025-04-17T19:41:02.867575+00:00,63.056,53.4,0.5,18.0
2025-04-17T19:41:02.975148+00:00,63.164,53.4,0.5,0.0
2025-04-17T19:41:03.115676+00:00,63.304,53.4,0.5,0.0
2025-04-17T19:41:03.239371+00:00,63.428,53.4,0.5,0.0
2025-04-17T19:41:03.347203+00:00,63.536,53.4,0.5,0.0
2025-04-17T19:41:03.470721+00:00,63.659,53.4,0.5,0.0
2025-04-17T19:41:03.580069+00:00,63.769,53.4,0.5,0.0
2025-04-17T19:41:03.704743+00:00,63.893,53.4,0.5,0.0
2025-04-17T19:41:03.813189+00:00,64.002,53.4,0.5,0.0
2025-04-17T19:41:03.939466+00:00,64.128,53.4,0.5,0.0
2025-04-17T19:41:04.047441+00:00,64.236,53.4,0.5,0.0
2025-04-17T19:41:04.173381+00:00,64.362,53.4,0.5,0.0
2025-04-17T19:41:04.281528+00:00,64.470,53.4,0.5,0.0
2025-04-17T19:41:04.405210+00:00,64.594,53.4,0.5,0.0
2025-04-17T19:41:04.547433+00:00,64.736,53.4,0.5,0.0
2025-04-17T19:41:04.671715+00:00,64.860,53.4,0.5,0.0
2025-04-17T19:41:04.779699+00:00,64.968,88.9,0.5,30.5
2025-04-17T19:41:04.903617+00:00,65.092,83.4,0.5,38.2
2025-04-17T19:41:05.011434+00:00,65.200,80.8,0.5,27.1
2025-04-17T19:41:05.134615+00:00,65.323,79.0,0.5,0.0
2025-04-17T19:41:05.243023+00:00,65.432,76.1,0.5,13.0
2025-04-17T19:41:05.382193+00:00,65.571,80.7,0.5,0.0
2025-04-17T19:41:05.507407+00:00,65.696,80.7,0.5,0.0
2025-04-17T19:41:05.615256+00:00,65.804,80.7,0.5,0.0
2025-04-17T19:41:05.739565+00:00,65.928,80.7,0.5,0.0
2025-04-17T19:41:05.848071+00:00,66.037,80.7,0.5,0.0
2025-04-17T19:41:05.971431+00:00,66.160,80.7,0.5,0.0
2025-04-17T19:41:06.079814+00:00,66.268,80.7,0.5,0.0
2025-04-17T19:41:06.204513+00:00,66.393,80.7,0.5,0.0
2025-04-17T19:41:06.310570+00:00,66.499,80.7,0.5,0.0
2025-04-17T19:41:06.433780+00:00,66.622,80.7,0.5,0.0
2025-04-17T19:41:06.543093+00:00,66.732,80.7,0.5,0.0
2025-04-17T19:41:06.682263+00:00,66.871,80.7,0.5,0.0
2025-04-17T19:41:06.805755+00:00,66.994,80.7,0.5,0.0
2025-04-17T19:41:06.946462+00:00,67.135,80.7,0.5,0.0
2025-04-17T19:41:07.071811+00:00,67.260,81.9,0.5,0.0
2025-04-17T19:41:07.182863+00:00,67.371,82.2,0.5,37.7
2025-04-17T19:41:07.307255+00:00,67.496,84.9,0.5,54.0
2025-04-17T19:41:07.449134+00:00,67.638,87.9,0.5,83.8
2025-04-17T19:41:07.570303+00:00,67.759,93.6,0.5,52.6
2025-04-17T19:41:07.679065+00:00,67.868,99.0,0.5,46.7
2025-04-17T19:41:07.803338+00:00,67.992,102.4,0.5,6.8
2025-04-17T19:41:07.910690+00:00,68.099,102.4,0.5,0.0
2025-04-17T19:41:08.035420+00:00,68.224,102.4,0.5,0.0
2025-04-17T19:41:08.143448+00:00,68.332,102.4,0.5,0.0
2025-04-17T19:41:08.268765+00:00,68.457,102.4,0.5,0.0
2025-04-17T19:41:08.378223+00:00,68.567,102.4,0.5,0.0
2025-04-17T19:41:08.501854+00:00,68.690,102.4,0.5,0.0
2025-04-17T19:41:08.609945+00:00,68.798,102.4,0.5,0.0
2025-04-17T19:41:08.734066+00:00,68.923,100.0,0.5,100.0
2025-04-17T19:41:08.842154+00:00,69.031,91.9,0.5,96.8
2025-04-17T19:41:08.967557+00:00,69.156,78.6,0.5,88.8
2025-04-17T19:41:09.076452+00:00,69.265,66.7,0.5,75.9
2025-04-17T19:41:09.214409+00:00,69.403,50.8,0.5,62.2
2025-04-17T19:41:09.338882+00:00,69.527,40.2,0.5,86.1
2025-04-17T19:41:09.446817+00:00,69.635,38.1,0.5,0.0
2025-04-17T19:41:09.570143+00:00,69.759,41.7,0.5,71.4
2025-04-17T19:41:09.677914+00:00,69.866,48.5,0.5,59.1
2025-04-17T19:41:09.801567+00:00,69.990,59.9,0.5,58.7
2025-04-17T19:41:09.909528+00:00,70.098,69.4,0.5,63.8
2025-04-17T19:41:10.033612+00:00,70.222,83.3,0.5,71.3
2025-04-17T19:41:10.142345+00:00,70.331,94.6,0.5,73.1
2025-04-17T19:41:10.268580+00:00,70.457,110.5,0.5,75.3
2025-04-17T19:41:10.375185+00:00,70.564,122.6,0.5,47.6
2025-04-17T19:41:10.502494+00:00,70.691,135.8,0.5,72.4
2025-04-17T19:41:10.612083+00:00,70.801,140.5,0.5,88.8
2025-04-17T19:41:10.735164+00:00,70.924,139.9,0.5,100.0
2025-04-17T19:41:10.843055+00:00,71.032,136.0,0.5,96.6
2025-04-17T19:41:10.969592+00:00,71.158,126.9,0.5,79.6
2025-04-17T19:41:11.079235+00:00,71.268,121.2,0.5,48.7
2025-04-17T19:41:11.203638+00:00,71.392,117.7,0.5,33.0
2025-04-17T19:41:11.313569+00:00,71.502,117.7,0.5,0.0
2025-04-17T19:41:11.437805+00:00,71.626,117.7,0.5,0.0
2025-04-17T19:41:11.546354+00:00,71.735,117.7,0.5,0.0
2025-04-17T19:41:11.670750+00:00,71.859,117.7,0.5,0.0
2025-04-17T19:41:11.779193+00:00,71.968,117.7,0.5,0.0
2025-04-17T19:41:11.902408+00:00,72.091,117.7,0.5,0.0
2025-04-17T19:41:12.010437+00:00,72.199,117.7,0.5,0.0
2025-04-17T19:41:12.134915+00:00,72.323,117.7,0.5,0.0
2025-04-17T19:41:12.242683+00:00,72.431,117.7,0.5,0.0
2025-04-17T19:41:12.370241+00:00,72.559,117.7,0.5,0.0
2025-04-17T19:41:12.478311+00:00,72.667,117.7,0.5,0.0
2025-04-17T19:41:12.603906+00:00,72.792,117.7,0.5,0.0
2025-04-17T19:41:12.714330+00:00,72.903,115.9,0.5,5.8
2025-04-17T19:41:12.834305+00:00,73.023,132.9,0.5,72.1
2025-04-17T19:41:12.944170+00:00,73.133,140.0,0.5,91.5
2025-04-17T19:41:13.069117+00:00,73.258,140.0,0.5,0.0
2025-04-17T19:41:13.176401+00:00,73.365,140.0,0.5,0.0
2025-04-17T19:41:13.317536+00:00,73.506,140.0,0.5,0.0
2025-04-17T19:41:13.439418+00:00,73.628,140.0,0.5,0.0
2025-04-17T19:41:13.554579+00:00,73.743,140.0,0.5,0.0
2025-04-17T19:41:13.670710+00:00,73.859,128.4,0.5,0.0
2025-04-17T19:41:13.778277+00:00,73.967,128.4,0.5,0.0
2025-04-17T19:41:13.902502+00:00,74.091,128.4,0.5,0.0
2025-04-17T19:41:14.011329+00:00,74.200,128.4,0.5,0.0
2025-04-17T19:41:14.135020+00:00,74.324,128.4,0.5,0.0
2025-04-17T19:41:14.242450+00:00,74.431,128.4,0.5,0.0
2025-04-17T19:41:14.367959+00:00,74.556,128.4,0.5,0.0
2025-04-17T19:41:14.475236+00:00,74.664,128.4,0.5,0.0
2025-04-17T19:41:14.601752+00:00,74.790,128.4,0.5,0.0
2025-04-17T19:41:14.710385+00:00,74.899,128.4,0.5,0.0
2025-04-17T19:41:14.834521+00:00,75.023,58.5,0.5,55.7
2025-04-17T19:41:14.942590+00:00,75.131,72.4,0.5,52.7
2025-04-17T19:41:15.080922+00:00,75.269,92.6,0.5,46.7
2025-04-17T19:41:15.205368+00:00,75.394,112.1,0.5,54.1
2025-04-17T19:41:15.314365+00:00,75.503,124.8,0.5,53.1
2025-04-17T19:41:15.439951+00:00,75.628,137.8,0.5,58.6
2025-04-17T19:41:15.548002+00:00,75.737,144.2,0.5,70.9
2025-04-17T19:41:15.672947+00:00,75.861,147.4,0.5,0.0
2025-04-17T19:41:15.780095+00:00,75.969,146.5,0.5,84.6
2025-04-17T19:41:15.905750+00:00,76.094,139.2,0.5,69.3
2025-04-17T19:41:16.014368+00:00,76.203,129.9,0.5,59.9
2025-04-17T19:41:16.137247+00:00,76.326,121.1,0.5,40.6
2025-04-17T19:41:16.246600+00:00,76.435,106.1,0.5,49.2
2025-04-17T19:41:16.372127+00:00,76.561,95.7,0.5,0.0
2025-04-17T19:41:16.480237+00:00,76.669,95.7,0.5,0.0
2025-04-17T19:41:16.603619+00:00,76.792,95.7,0.5,0.0
2025-04-17T19:41:16.711921+00:00,76.900,95.7,0.5,0.0
2025-04-17T19:41:16.834866+00:00,77.023,95.7,0.5,0.0
2025-04-17T19:41:16.945394+00:00,77.134,95.7,0.5,0.0
2025-04-17T19:41:17.069274+00:00,77.258,95.7,0.5,0.0
2025-04-17T19:41:17.177186+00:00,77.366,95.7,0.5,0.0
2025-04-17T19:41:17.301986+00:00,77.490,95.7,0.5,0.0
2025-04-17T19:41:17.411283+00:00,77.600,95.7,0.5,0.0
2025-04-17T19:41:17.535062+00:00,77.724,95.7,0.5,0.0
2025-04-17T19:41:17.645129+00:00,77.834,105.3,0.5,51.9
2025-04-17T19:41:17.769678+00:00,77.958,112.5,0.5,42.0
2025-04-17T19:41:17.878136+00:00,78.067,121.2,0.5,54.8
2025-04-17T19:41:18.003971+00:00,78.192,130.4,0.5,50.4
2025-04-17T19:41:18.113434+00:00,78.302,133.6,0.5,58.5
2025-04-17T19:41:18.237299+00:00,78.426,132.8,0.5,65.3
2025-04-17T19:41:18.348586+00:00,78.537,128.1,0.5,54.4
2025-04-17T19:41:18.470840+00:00,78.659,117.1,0.5,46.4
2025-04-17T19:41:18.579800+00:00,78.768,106.6,0.5,37.8
2025-04-17T19:41:18.702912+00:00,78.891,103.0,0.5,41.6
2025-04-17T19:41:18.811148+00:00,79.000,95.7,0.5,46.2
2025-04-17T19:41:18.934517+00:00,79.123,83.0,0.5,42.9
2025-04-17T19:41:19.043511+00:00,79.232,74.9,0.5,45.5
2025-04-17T19:41:19.168065+00:00,79.357,65.1,0.5,47.3
2025-04-17T19:41:19.275092+00:00,79.464,56.9,0.5,29.4
2025-04-17T19:41:19.402837+00:00,79.591,54.0,0.5,0.0
2025-04-17T19:41:19.510979+00:00,79.699,54.0,0.5,0.0
2025-04-17T19:41:19.635164+00:00,79.824,54.0,0.5,0.0
2025-04-17T19:41:19.744518+00:00,79.933,54.0,0.5,0.0
2025-04-17T19:41:19.869318+00:00,80.058,54.0,0.5,0.0
2025-04-17T19:41:19.978593+00:00,80.167,54.0,0.5,0.0
2025-04-17T19:41:20.102072+00:00,80.291,54.0,0.5,0.0
2025-04-17T19:41:20.211329+00:00,80.400,54.0,0.5,0.0
2025-04-17T19:41:20.336604+00:00,80.525,54.0,0.5,0.0
2025-04-17T19:41:20.444822+00:00,80.633,54.0,0.5,0.0
2025-04-17T19:41:20.570617+00:00,80.759,54.0,0.5,0.0
2025-04-17T19:41:20.679467+00:00,80.868,54.0,0.5,0.0
2025-04-17T19:41:20.804180+00:00,80.993,54.0,0.5,0.0
2025-04-17T19:41:20.913525+00:00,81.102,54.0,0.5,0.0
2025-04-17T19:41:21.035562+00:00,81.224,54.0,0.5,0.0
2025-04-17T19:41:21.143547+00:00,81.332,54.0,0.5,0.0
2025-04-17T19:41:21.267765+00:00,81.456,54.0,0.5,0.0
2025-04-17T19:41:21.376593+00:00,81.565,54.0,0.5,0.0
2025-04-17T19:41:21.504415+00:00,81.693,54.0,0.5,0.0
2025-04-17T19:41:21.609896+00:00,81.798,54.0,0.5,0.0
2025-04-17T19:41:21.735509+00:00,81.924,54.0,0.5,0.0
2025-04-17T19:41:21.843622+00:00,82.032,54.0,0.5,0.0
2025-04-17T19:41:21.967479+00:00,82.156,54.0,0.5,0.0
2025-04-17T19:41:22.074284+00:00,82.263,54.0,0.5,0.0
2025-04-17T19:41:22.214019+00:00,82.403,54.0,0.5,0.0
2025-04-17T19:41:22.337286+00:00,82.526,54.0,0.5,0.0
2025-04-17T19:41:22.445223+00:00,82.634,54.0,0.5,0.0
2025-04-17T19:41:22.570305+00:00,82.759,54.0,0.5,0.0
2025-04-17T19:41:22.678688+00:00,82.867,54.0,0.5,0.0
2025-04-17T19:41:22.802396+00:00,82.991,54.0,0.5,0.0
2025-04-17T19:41:22.910707+00:00,83.099,54.0,0.5,0.0
2025-04-17T19:41:23.033876+00:00,83.222,54.0,0.5,0.0
2025-04-17T19:41:23.142044+00:00,83.331,54.0,0.5,0.0
2025-04-17T19:41:23.267318+00:00,83.456,54.0,0.5,0.0
2025-04-17T19:41:23.375760+00:00,83.564,54.0,0.5,0.0
2025-04-17T19:41:23.503030+00:00,83.692,54.0,0.5,0.0
2025-04-17T19:41:23.609256+00:00,83.798,72.9,0.5,51.1
2025-04-17T19:41:23.748997+00:00,83.938,74.9,0.5,65.7
2025-04-17T19:41:23.871980+00:00,84.060,80.0,0.5,47.7
2025-04-17T19:41:23.980229+00:00,84.169,85.0,0.5,35.3
2025-04-17T19:41:24.103212+00:00,84.292,95.7,0.5,20.2
2025-04-17T19:41:24.211066+00:00,84.400,104.1,0.5,0.0
2025-04-17T19:41:24.335166+00:00,84.524,104.1,0.5,0.0
2025-04-17T19:41:24.443559+00:00,84.632,104.1,0.5,0.0
2025-04-17T19:41:24.568007+00:00,84.757,104.1,0.5,0.0
2025-04-17T19:41:24.674955+00:00,84.863,104.1,0.5,0.0
2025-04-17T19:41:24.814761+00:00,85.003,104.1,0.5,0.0
2025-04-17T19:41:24.940974+00:00,85.129,104.1,0.5,0.0
2025-04-17T19:41:25.049058+00:00,85.238,101.9,0.5,45.3
2025-04-17T19:41:25.174925+00:00,85.363,91.6,0.5,54.4
2025-04-17T19:41:25.314438+00:00,85.503,81.8,0.5,100.0
2025-04-17T19:41:25.438829+00:00,85.627,67.1,0.5,100.0
2025-04-17T19:41:25.549521+00:00,85.738,56.1,0.5,97.3
2025-04-17T19:41:25.671023+00:00,85.860,45.1,0.5,97.8
2025-04-17T19:41:25.779600+00:00,85.968,41.5,0.5,83.9
2025-04-17T19:41:25.903629+00:00,86.092,42.9,0.5,80.6
2025-04-17T19:41:26.011631+00:00,86.200,47.5,0.5,96.4
2025-04-17T19:41:26.135060+00:00,86.324,56.5,0.5,98.2
2025-04-17T19:41:26.244978+00:00,86.433,65.0,0.5,100.0
2025-04-17T19:41:26.370523+00:00,86.559,78.6,0.5,100.0
2025-04-17T19:41:26.479998+00:00,86.669,90.0,0.5,37.8
2025-04-17T19:41:26.603237+00:00,86.792,107.6,0.5,100.0
2025-04-17T19:41:26.711898+00:00,86.900,120.3,0.5,97.8
2025-04-17T19:41:26.837475+00:00,87.026,132.4,0.5,100.0
2025-04-17T19:41:26.945198+00:00,87.134,137.1,0.5,100.0
2025-04-17T19:41:27.068548+00:00,87.257,137.8,0.5,0.0
2025-04-17T19:41:27.178241+00:00,87.367,134.8,0.5,100.0
2025-04-17T19:41:27.301439+00:00,87.490,127.0,0.5,100.0
2025-04-17T19:41:27.411059+00:00,87.600,118.5,0.5,95.9
2025-04-17T19:41:27.537418+00:00,87.726,103.7,0.5,99.2
2025-04-17T19:41:27.645608+00:00,87.834,90.7,0.5,100.0
2025-04-17T19:41:27.769600+00:00,87.958,71.4,0.5,100.0
2025-04-17T19:41:27.879073+00:00,88.068,57.1,0.5,97.9
2025-04-17T19:41:28.001256+00:00,88.190,41.5,0.5,95.1
2025-04-17T19:41:28.109064+00:00,88.298,33.8,0.5,100.0
2025-04-17T19:41:28.248082+00:00,88.437,30.0,0.5,0.0
2025-04-17T19:41:28.370329+00:00,88.559,32.5,0.5,100.0
2025-04-17T19:41:28.480330+00:00,88.669,38.1,0.5,100.0
2025-04-17T19:41:28.604820+00:00,88.793,50.0,0.5,100.0
2025-04-17T19:41:28.714033+00:00,88.903,62.0,0.5,100.0
2025-04-17T19:41:28.838947+00:00,89.027,80.9,0.5,96.8
2025-04-17T19:41:28.949114+00:00,89.138,96.1,0.5,94.6
2025-04-17T19:41:29.073110+00:00,89.262,114.7,0.5,100.0
2025-04-17T19:41:29.180733+00:00,89.369,126.2,0.5,100.0
2025-04-17T19:41:29.304648+00:00,89.493,136.9,0.5,100.0
2025-04-17T19:41:29.412506+00:00,89.601,141.2,0.5,100.0
2025-04-17T19:41:29.537314+00:00,89.726,141.8,0.5,0.0
2025-04-17T19:41:29.646303+00:00,89.835,138.4,0.5,100.0
2025-04-17T19:41:29.770639+00:00,89.959,129.0,0.5,100.0
2025-04-17T19:41:29.878787+00:00,90.067,118.3,0.5,100.0
2025-04-17T19:41:30.003100+00:00,90.192,100.3,0.5,100.0
2025-04-17T19:41:30.113387+00:00,90.302,85.1,0.5,100.0
2025-04-17T19:41:30.237553+00:00,90.426,65.1,0.5,100.0
2025-04-17T19:41:30.345073+00:00,90.534,52.0,0.5,100.0
2025-04-17T19:41:30.471586+00:00,90.660,38.7,0.5,96.7
2025-04-17T19:41:30.578907+00:00,90.767,32.3,0.5,78.3
2025-04-17T19:41:30.703692+00:00,90.892,29.2,0.5,0.0
2025-04-17T19:41:30.811040+00:00,91.000,30.1,0.5,100.0
2025-04-17T19:41:30.935214+00:00,91.124,38.1,0.5,24.4
2025-04-17T19:41:31.043142+00:00,91.232,47.3,0.5,89.7
2025-04-17T19:41:31.167290+00:00,91.356,63.8,0.5,93.5
2025-04-17T19:41:31.275571+00:00,91.464,78.3,0.5,69.2
2025-04-17T19:41:31.400705+00:00,91.589,97.6,0.5,97.7
2025-04-17T19:41:31.509684+00:00,91.698,110.5,0.5,100.0
2025-04-17T19:41:31.633918+00:00,91.822,124.1,0.5,100.0
2025-04-17T19:41:31.743649+00:00,91.932,131.2,0.5,100.0
2025-04-17T19:41:31.869886+00:00,92.058,136.3,0.5,100.0
2025-04-17T19:41:31.979110+00:00,92.168,136.3,0.5,0.0
2025-04-17T19:41:32.103656+00:00,92.292,131.4,0.5,100.0
2025-04-17T19:41:32.212006+00:00,92.401,123.8,0.5,100.0
2025-04-17T19:41:32.335066+00:00,92.524,109.2,0.5,100.0
2025-04-17T19:41:32.443099+00:00,92.632,100.6,0.5,0.0
2025-04-17T19:41:32.569121+00:00,92.758,91.5,0.5,24.6
2025-04-17T19:41:32.677927+00:00,92.866,79.1,0.5,26.9
2025-04-17T19:41:32.804466+00:00,92.993,65.0,0.5,33.7
2025-04-17T19:41:32.913017+00:00,93.102,56.8,0.5,18.6
2025-04-17T19:41:33.036815+00:00,93.225,49.7,0.5,39.0
2025-04-17T19:41:33.143646+00:00,93.332,48.0,0.5,0.0
2025-04-17T19:41:33.269128+00:00,93.458,50.1,0.5,41.6
2025-04-17T19:41:33.378066+00:00,93.567,56.2,0.5,41.1
2025-04-17T19:41:33.503221+00:00,93.692,69.2,0.5,46.0
2025-04-17T19:41:33.611051+00:00,93.800,80.9,0.5,38.0
2025-04-17T19:41:33.737381+00:00,93.926,96.4,0.5,34.7
2025-04-17T19:41:33.844300+00:00,94.033,103.4,0.5,21.8
2025-04-17T19:41:33.972032+00:00,94.161,103.4,0.5,0.0
2025-04-17T19:41:34.080416+00:00,94.269,103.4,0.5,0.0
2025-04-17T19:41:34.203882+00:00,94.392,103.4,0.5,0.0
2025-04-17T19:41:34.312614+00:00,94.501,103.4,0.5,0.0
2025-04-17T19:41:34.436529+00:00,94.625,103.4,0.5,0.0
2025-04-17T19:41:34.545060+00:00,94.734,103.4,0.5,0.0
2025-04-17T19:41:34.671098+00:00,94.860,103.4,0.5,0.0
2025-04-17T19:41:34.782101+00:00,94.971,103.4,0.5,32.6
2025-04-17T19:41:34.904693+00:00,95.093,103.4,0.5,25.2
2025-04-17T19:41:35.013118+00:00,95.202,103.4,0.5,0.0
2025-04-17T19:41:35.136604+00:00,95.325,103.4,0.5,0.0
2025-04-17T19:41:35.245025+00:00,95.434,103.4,0.5,0.0
2025-04-17T19:41:35.369911+00:00,95.558,103.4,0.5,0.0
2025-04-17T19:41:35.479347+00:00,95.668,103.4,0.5,0.0
2025-04-17T19:41:35.602218+00:00,95.791,103.4,0.5,0.0
2025-04-17T19:41:35.711655+00:00,95.900,103.4,0.5,0.0
2025-04-17T19:41:35.835245+00:00,96.024,103.4,0.5,0.0
2025-04-17T19:41:35.947332+00:00,96.136,103.4,0.5,0.0
2025-04-17T19:41:36.070890+00:00,96.259,103.4,0.5,0.0
2025-04-17T19:41:36.179307+00:00,96.368,103.4,0.5,21.1
2025-04-17T19:41:36.303693+00:00,96.492,103.4,0.5,31.0
2025-04-17T19:41:36.415194+00:00,96.604,103.4,0.5,0.0
2025-04-17T19:41:36.537675+00:00,96.726,103.4,0.5,0.0
2025-04-17T19:41:36.644966+00:00,96.833,103.4,0.5,0.0
2025-04-17T19:41:36.770000+00:00,96.959,103.4,0.5,0.0
2025-04-17T19:41:36.880203+00:00,97.069,103.4,0.5,0.0
2025-04-17T19:41:37.005205+00:00,97.194,103.4,0.5,0.0
2025-04-17T19:41:37.113438+00:00,97.302,103.4,0.5,0.0
2025-04-17T19:41:37.243155+00:00,97.432,86.5,0.5,46.2
2025-04-17T19:41:37.350038+00:00,97.539,81.9,0.5,46.7
2025-04-17T19:41:37.474157+00:00,97.663,78.8,0.5,63.2
2025-04-17T19:41:37.614715+00:00,97.803,78.9,0.5,43.9
2025-04-17T19:41:37.738633+00:00,97.927,79.7,0.5,43.8
2025-04-17T19:41:37.846298+00:00,98.035,81.1,0.5,0.0
2025-04-17T19:41:37.970948+00:00,98.159,83.3,0.5,0.0
2025-04-17T19:41:38.079407+00:00,98.268,83.3,0.5,0.0
2025-04-17T19:41:38.203819+00:00,98.392,83.3,0.5,0.0
2025-04-17T19:41:38.312869+00:00,98.501,83.3,0.5,0.0
2025-04-17T19:41:38.436616+00:00,98.625,83.3,0.5,0.0
2025-04-17T19:41:38.545068+00:00,98.734,83.3,0.5,0.0
2025-04-17T19:41:38.670195+00:00,98.859,83.3,0.5,0.0
2025-04-17T19:41:38.780080+00:00,98.969,83.3,0.5,0.0
2025-04-17T19:41:38.906743+00:00,99.095,83.3,0.5,0.0
2025-04-17T19:41:39.012518+00:00,99.201,83.3,0.5,0.0
2025-04-17T19:41:39.137254+00:00,99.326,76.0,0.5,81.0
2025-04-17T19:41:39.245541+00:00,99.434,67.1,0.5,80.4
2025-04-17T19:41:39.369976+00:00,99.558,56.1,0.5,75.4
2025-04-17T19:41:39.479350+00:00,99.668,51.3,0.5,84.0
2025-04-17T19:41:39.602685+00:00,99.791,50.2,0.5,81.2
2025-04-17T19:41:39.711409+00:00,99.900,63.1,0.5,65.1
2025-04-17T19:41:39.837263+00:00,100.026,67.2,0.5,54.8
2025-04-17T19:41:39.947331+00:00,100.136,70.6,0.5,44.6
2025-04-17T19:41:40.071168+00:00,100.260,78.4,0.5,36.6
2025-04-17T19:41:40.180909+00:00,100.369,85.7,0.5,34.1
2025-04-17T19:41:40.305301+00:00,100.494,98.0,0.5,29.3
2025-04-17T19:41:40.415010+00:00,100.604,109.7,0.5,15.4
2025-04-17T19:41:40.539841+00:00,100.728,119.8,0.5,58.7
2025-04-17T19:41:40.647432+00:00,100.836,122.6,0.5,0.0
2025-04-17T19:41:40.772513+00:00,100.961,122.6,0.5,0.0
2025-04-17T19:41:40.880472+00:00,101.069,120.2,0.5,60.2
2025-04-17T19:41:41.004488+00:00,101.193,114.2,0.5,55.6
2025-04-17T19:41:41.114283+00:00,101.303,107.5,0.5,60.0
2025-04-17T19:41:41.237289+00:00,101.426,96.0,0.5,59.8
2025-04-17T19:41:41.345620+00:00,101.534,85.7,0.5,60.3
2025-04-17T19:41:41.469198+00:00,101.658,69.8,0.5,61.1
2025-04-17T19:41:41.577300+00:00,101.766,57.6,0.5,55.0
2025-04-17T19:41:41.703017+00:00,101.892,43.5,0.5,53.5
2025-04-17T19:41:41.810957+00:00,101.999,36.5,0.5,56.8
2025-04-17T19:41:41.935275+00:00,102.124,33.3,0.5,0.0
2025-04-17T19:41:42.045553+00:00,102.234,34.8,0.5,55.5
2025-04-17T19:41:42.166573+00:00,102.355,41.7,0.5,58.6
2025-04-17T19:41:42.276480+00:00,102.465,49.4,0.5,57.6
2025-04-17T19:41:42.414996+00:00,102.604,62.6,0.5,56.8
2025-04-17T19:41:42.538854+00:00,102.727,78.7,0.5,56.1
2025-04-17T19:41:42.647148+00:00,102.836,92.1,0.5,53.6
2025-04-17T19:41:42.772152+00:00,102.961,109.4,0.5,57.1
2025-04-17T19:41:42.880115+00:00,103.069,120.1,0.5,60.8
2025-04-17T19:41:43.004446+00:00,103.193,129.6,0.5,61.3
2025-04-17T19:41:43.111893+00:00,103.300,132.6,0.5,61.3
2025-04-17T19:41:43.235260+00:00,103.424,131.9,0.5,63.2
2025-04-17T19:41:43.343529+00:00,103.532,127.7,0.5,60.3
2025-04-17T19:41:43.468954+00:00,103.657,117.3,0.5,58.5
2025-04-17T19:41:43.576889+00:00,103.765,106.5,0.5,56.6
2025-04-17T19:41:43.715126+00:00,103.904,89.1,0.5,55.6
2025-04-17T19:41:43.841138+00:00,104.030,70.2,0.5,55.0
2025-04-17T19:41:43.981326+00:00,104.170,52.7,0.5,55.1
2025-04-17T19:41:44.103564+00:00,104.292,39.1,0.5,56.2
2025-04-17T19:41:44.212179+00:00,104.401,32.4,0.5,58.1
2025-04-17T19:41:44.336632+00:00,104.525,29.1,0.5,0.0
2025-04-17T19:41:44.445507+00:00,104.634,29.8,0.5,61.5
2025-04-17T19:41:44.568859+00:00,104.757,36.9,0.5,27.2
2025-04-17T19:41:44.677638+00:00,104.866,45.6,0.5,45.2
2025-04-17T19:41:44.800614+00:00,104.989,60.6,0.5,46.5
2025-04-17T19:41:44.910008+00:00,105.099,74.5,0.5,35.0
2025-04-17T19:41:45.048556+00:00,105.237,93.0,0.5,39.7
2025-04-17T19:41:45.169862+00:00,105.358,109.8,0.5,40.5
2025-04-17T19:41:45.278614+00:00,105.467,119.9,0.5,41.6
2025-04-17T19:41:45.402905+00:00,105.591,128.8,0.5,35.6
2025-04-17T19:41:45.512389+00:00,105.701,132.0,0.5,53.7
2025-04-17T19:41:45.636400+00:00,105.825,131.4,0.5,56.6
2025-04-17T19:41:45.744522+00:00,105.933,127.1,0.5,44.9
2025-04-17T19:41:45.869899+00:00,106.058,116.5,0.5,32.1
2025-04-17T19:41:45.979179+00:00,106.168,105.5,0.5,42.5
2025-04-17T19:41:46.105602+00:00,106.294,92.4,0.5,54.7
2025-04-17T19:41:46.214060+00:00,106.403,79.1,0.5,58.0
2025-04-17T19:41:46.338848+00:00,106.527,62.9,0.5,58.1
2025-04-17T19:41:46.446636+00:00,106.635,52.7,0.5,59.0
2025-04-17T19:41:46.568791+00:00,106.757,42.3,0.5,65.5
2025-04-17T19:41:46.679179+00:00,106.868,37.6,0.5,67.0
2025-04-17T19:41:46.803182+00:00,106.992,36.5,0.5,0.0
2025-04-17T19:41:46.914353+00:00,107.103,39.6,0.5,71.9
2025-04-17T19:41:47.039216+00:00,107.228,49.5,0.5,69.3
2025-04-17T19:41:47.148096+00:00,107.337,60.0,0.5,69.5
2025-04-17T19:41:47.273130+00:00,107.462,76.1,0.5,68.7
2025-04-17T19:41:47.381147+00:00,107.570,88.3,0.5,70.3
2025-04-17T19:41:47.504608+00:00,107.693,102.9,0.5,72.6
2025-04-17T19:41:47.612637+00:00,107.801,111.8,0.5,71.3
2025-04-17T19:41:47.737239+00:00,107.926,120.7,0.5,73.1
2025-04-17T19:41:47.847649+00:00,108.036,125.0,0.5,69.6
2025-04-17T19:41:47.972804+00:00,108.161,126.6,0.5,68.8
2025-04-17T19:41:48.079927+00:00,108.268,124.2,0.5,73.7
2025-04-17T19:41:48.203837+00:00,108.392,116.0,0.5,73.3
2025-04-17T19:41:48.312233+00:00,108.501,106.8,0.5,71.7
2025-04-17T19:41:48.438020+00:00,108.627,93.0,0.5,70.3
2025-04-17T19:41:48.544881+00:00,108.733,83.1,0.5,70.7
2025-04-17T19:41:48.669771+00:00,108.858,71.9,0.5,72.2
2025-04-17T19:41:48.779543+00:00,108.968,64.8,0.5,72.4
2025-04-17T19:41:48.902711+00:00,109.091,57.3,0.5,73.4
2025-04-17T19:41:49.010556+00:00,109.199,54.1,0.5,53.6
2025-04-17T19:41:49.135262+00:00,109.324,55.7,0.5,64.9
2025-04-17T19:41:49.243972+00:00,109.432,61.6,0.5,38.2
2025-04-17T19:41:49.367800+00:00,109.556,61.6,0.5,0.0
2025-04-17T19:41:49.477576+00:00,109.666,61.6,0.5,0.0
2025-04-17T19:41:49.602015+00:00,109.791,61.6,0.5,0.0
2025-04-17T19:41:49.710154+00:00,109.899,61.6,0.5,0.0
2025-04-17T19:41:49.835520+00:00,110.024,61.6,0.5,0.0
2025-04-17T19:41:49.942771+00:00,110.131,61.6,0.5,0.0
2025-04-17T19:41:50.068028+00:00,110.257,61.6,0.5,0.0
2025-04-17T19:41:50.177647+00:00,110.366,61.6,0.5,0.0
2025-04-17T19:41:50.301325+00:00,110.490,61.6,0.5,0.0
2025-04-17T19:41:50.410303+00:00,110.599,61.6,0.5,0.0
2025-04-17T19:41:50.535522+00:00,110.724,61.6,0.5,0.0
2025-04-17T19:41:50.644892+00:00,110.833,61.6,0.5,0.0
2025-04-17T19:41:50.770164+00:00,110.959,61.6,0.5,0.0
2025-04-17T19:41:50.878237+00:00,111.067,61.6,0.5,0.0
2025-04-17T19:41:51.003114+00:00,111.192,61.6,0.5,0.0
2025-04-17T19:41:51.111687+00:00,111.300,61.6,0.5,0.0
2025-04-17T19:41:51.238224+00:00,111.427,61.6,0.5,0.0
2025-04-17T19:41:51.345309+00:00,111.534,61.6,0.5,0.0
2025-04-17T19:41:51.470746+00:00,111.659,61.6,0.5,0.0
2025-04-17T19:41:51.580471+00:00,111.769,61.6,0.5,0.0
2025-04-17T19:41:51.703096+00:00,111.892,61.6,0.5,0.0
2025-04-17T19:41:51.811267+00:00,112.000,61.6,0.5,0.0
2025-04-17T19:41:51.934672+00:00,112.123,61.6,0.5,0.0
2025-04-17T19:41:52.042186+00:00,112.231,61.6,0.5,0.0
2025-04-17T19:41:52.183942+00:00,112.372,61.6,0.5,0.0
2025-04-17T19:41:52.307632+00:00,112.496,61.6,0.5,0.0
2025-04-17T19:41:52.447401+00:00,112.636,61.6,0.5,0.0
2025-04-17T19:41:52.573034+00:00,112.762,61.6,0.5,0.0
2025-04-17T19:41:52.682419+00:00,112.871,61.6,0.5,0.0
2025-04-17T19:41:52.805556+00:00,112.994,61.6,0.5,0.0
2025-04-17T19:41:52.912630+00:00,113.101,59.0,0.5,100.0
2025-04-17T19:41:53.037626+00:00,113.226,51.6,0.5,100.0
2025-04-17T19:41:53.145498+00:00,113.334,50.0,0.5,0.0
2025-04-17T19:41:53.271149+00:00,113.460,51.1,0.5,100.0
2025-04-17T19:41:53.378962+00:00,113.567,55.0,0.5,100.0
2025-04-17T19:41:53.504546+00:00,113.693,62.0,0.5,100.0
2025-04-17T19:41:53.612281+00:00,113.801,68.9,0.5,100.0
2025-04-17T19:41:53.735411+00:00,113.924,80.3,0.5,100.0
2025-04-17T19:41:53.845115+00:00,114.034,90.1,0.5,100.0
2025-04-17T19:41:53.969654+00:00,114.158,102.8,0.5,100.0
2025-04-17T19:41:54.076545+00:00,114.265,108.2,0.5,0.0
2025-04-17T19:41:54.216553+00:00,114.405,108.2,0.5,0.0
2025-04-17T19:41:54.337682+00:00,114.526,108.2,0.5,0.0
2025-04-17T19:41:54.446644+00:00,114.635,108.2,0.5,0.0
2025-04-17T19:41:54.571252+00:00,114.760,108.2,0.5,0.0
2025-04-17T19:41:54.679831+00:00,114.868,103.6,0.5,100.0
2025-04-17T19:41:54.803425+00:00,114.992,92.6,0.5,100.0
2025-04-17T19:41:54.912755+00:00,115.101,82.6,0.5,100.0
2025-04-17T19:41:55.039623+00:00,115.228,83.1,0.5,47.6
2025-04-17T19:41:55.147969+00:00,115.336,71.9,0.5,49.0
2025-04-17T19:41:55.272315+00:00,115.461,59.8,0.5,56.8
2025-04-17T19:41:55.380398+00:00,115.569,54.3,0.5,68.4
2025-04-17T19:41:55.504634+00:00,115.693,53.1,0.5,59.8
2025-04-17T19:41:55.613130+00:00,115.802,55.0,0.5,52.9
2025-04-17T19:41:55.738487+00:00,115.927,61.5,0.5,42.4
2025-04-17T19:41:55.847243+00:00,116.036,69.1,0.5,39.3
2025-04-17T19:41:55.970116+00:00,116.159,82.5,0.5,40.5
2025-04-17T19:41:56.081050+00:00,116.270,94.3,0.5,46.4
2025-04-17T19:41:56.205221+00:00,116.394,110.3,0.5,51.6
2025-04-17T19:41:56.312179+00:00,116.501,121.1,0.5,52.8
2025-04-17T19:41:56.435113+00:00,116.624,132.3,0.5,52.4
2025-04-17T19:41:56.543713+00:00,116.732,137.5,0.5,52.3
2025-04-17T19:41:56.668887+00:00,116.857,139.4,0.5,0.0
2025-04-17T19:41:56.778640+00:00,116.967,138.1,0.5,49.3
2025-04-17T19:41:56.902606+00:00,117.091,131.8,0.5,42.1
2025-04-17T19:41:57.013162+00:00,117.202,124.0,0.5,41.7
2025-04-17T19:41:57.137232+00:00,117.326,110.0,0.5,37.0
2025-04-17T19:41:57.246901+00:00,117.435,97.2,0.5,35.4
2025-04-17T19:41:57.370843+00:00,117.559,79.3,0.5,35.2
2025-04-17T19:41:57.479666+00:00,117.668,66.7,0.5,36.4
2025-04-17T19:41:57.603033+00:00,117.792,53.9,0.5,40.9
2025-04-17T19:41:57.711181+00:00,117.900,47.6,0.5,47.7
2025-04-17T19:41:57.835266+00:00,118.024,44.3,0.5,0.0
2025-04-17T19:41:57.945581+00:00,118.134,44.9,0.5,52.3
2025-04-17T19:41:58.070343+00:00,118.259,50.6,0.5,46.2
2025-04-17T19:41:58.178903+00:00,118.367,58.3,0.5,44.4
2025-04-17T19:41:58.304009+00:00,118.493,72.6,0.5,46.7
2025-04-17T19:41:58.412819+00:00,118.601,85.1,0.5,47.1
2025-04-17T19:41:58.536515+00:00,118.725,101.9,0.5,46.9
2025-04-17T19:41:58.646590+00:00,118.835,112.9,0.5,44.8
2025-04-17T19:41:58.770334+00:00,118.959,124.3,0.5,47.4
2025-04-17T19:41:58.880528+00:00,119.069,130.0,0.5,51.8
2025-04-17T19:41:59.004381+00:00,119.193,133.2,0.5,0.0
2025-04-17T19:41:59.113839+00:00,119.302,132.7,0.5,62.2
2025-04-17T19:41:59.237526+00:00,119.426,127.3,0.5,51.5
2025-04-17T19:41:59.347996+00:00,119.537,119.8,0.5,45.0
2025-04-17T19:41:59.469764+00:00,119.658,105.9,0.5,40.6
2025-04-17T19:41:59.578768+00:00,119.767,93.7,0.5,40.8
2025-04-17T19:41:59.702959+00:00,119.891,77.7,0.5,41.0
2025-04-17T19:41:59.812065+00:00,120.001,67.6,0.5,43.2
2025-04-17T19:41:59.934858+00:00,120.123,56.8,0.5,45.0
2025-04-17T19:42:00.043157+00:00,120.232,51.1,0.5,49.7
2025-04-17T19:42:00.168247+00:00,120.357,47.7,0.5,0.0
2025-04-17T19:42:00.277513+00:00,120.466,47.7,0.5,0.0
2025-04-17T19:42:00.400861+00:00,120.589,53.0,0.5,51.3
2025-04-17T19:42:00.511052+00:00,120.700,60.6,0.5,50.0
2025-04-17T19:42:00.634551+00:00,120.823,74.0,0.5,57.9
2025-04-17T19:42:00.743693+00:00,120.932,84.7,0.5,51.3
2025-04-17T19:42:00.869623+00:00,121.058,98.2,0.5,44.2
2025-04-17T19:42:00.979602+00:00,121.168,106.6,0.5,43.4
2025-04-17T19:42:01.101987+00:00,121.290,114.8,0.5,47.7
2025-04-17T19:42:01.210246+00:00,121.399,118.9,0.5,56.3
2025-04-17T19:42:01.348750+00:00,121.537,121.1,0.5,53.8
2025-04-17T19:42:01.475066+00:00,121.664,118.8,0.5,56.2
2025-04-17T19:42:01.614257+00:00,121.803,111.5,0.5,44.9
2025-04-17T19:42:01.737414+00:00,121.926,99.5,0.5,40.5
2025-04-17T19:42:01.848178+00:00,122.037,89.2,0.5,41.6
2025-04-17T19:42:01.972178+00:00,122.161,76.8,0.5,42.2
2025-04-17T19:42:02.080640+00:00,122.269,71.8,0.5,39.5
2025-04-17T19:42:02.204797+00:00,122.393,68.5,0.5,57.3
2025-04-17T19:42:02.313953+00:00,122.502,65.0,0.5,51.2
2025-04-17T19:42:02.439771+00:00,122.628,63.4,0.5,0.0
2025-04-17T19:42:02.547521+00:00,122.736,63.4,0.5,0.0
2025-04-17T19:42:02.671802+00:00,122.860,63.4,0.5,0.0
2025-04-17T19:42:02.780447+00:00,122.969,63.4,0.5,0.0
2025-04-17T19:42:02.904398+00:00,123.093,63.4,0.5,0.0
2025-04-17T19:42:03.012490+00:00,123.201,63.4,0.5,0.0
2025-04-17T19:42:03.137411+00:00,123.326,63.4,0.5,0.0
2025-04-17T19:42:03.246753+00:00,123.435,63.4,0.5,0.0
2025-04-17T19:42:03.369847+00:00,123.558,63.4,0.5,0.0
2025-04-17T19:42:03.479786+00:00,123.668,63.4,0.5,0.0
2025-04-17T19:42:03.607335+00:00,123.796,63.4,0.5,0.0
2025-04-17T19:42:03.716305+00:00,123.905,63.4,0.5,0.0
2025-04-17T19:42:03.840097+00:00,124.029,63.4,0.5,0.0
2025-04-17T19:42:03.949424+00:00,124.138,63.4,0.5,0.0
2025-04-17T19:42:04.072708+00:00,124.261,63.4,0.5,0.0
2025-04-17T19:42:04.181084+00:00,124.370,63.4,0.5,0.0
2025-04-17T19:42:04.306301+00:00,124.495,59.2,0.5,89.1
2025-04-17T19:42:04.413073+00:00,124.602,58.3,0.5,65.9
2025-04-17T19:42:04.536503+00:00,124.725,58.0,0.5,0.0
2025-04-17T19:42:04.646432+00:00,124.835,58.6,0.5,84.2
2025-04-17T19:42:04.769611+00:00,124.958,62.6,0.5,69.9
2025-04-17T19:42:04.880919+00:00,125.069,67.8,0.5,82.5
2025-04-17T19:42:05.002935+00:00,125.191,80.0,0.5,78.8
2025-04-17T19:42:05.110877+00:00,125.299,92.0,0.5,64.0
2025-04-17T19:42:05.249167+00:00,125.438,101.0,0.5,100.0
2025-04-17T19:42:05.373380+00:00,125.562,105.3,0.5,85.4
2025-04-17T19:42:05.483152+00:00,125.672,107.6,0.5,100.0
2025-04-17T19:42:05.604928+00:00,125.793,107.6,0.5,0.0
2025-04-17T19:42:05.712810+00:00,125.901,117.8,0.5,61.7
2025-04-17T19:42:05.836430+00:00,126.025,112.8,0.5,70.6
2025-04-17T19:42:05.944900+00:00,126.133,107.2,0.5,70.0
2025-04-17T19:42:06.070370+00:00,126.259,96.9,0.5,62.2
2025-04-17T19:42:06.178259+00:00,126.367,87.3,0.5,61.0
2025-04-17T19:42:06.301859+00:00,126.490,73.9,0.5,57.9
2025-04-17T19:42:06.411249+00:00,126.600,65.5,0.5,63.1
2025-04-17T19:42:06.537213+00:00,126.726,58.8,0.5,74.2
2025-04-17T19:42:06.645311+00:00,126.834,57.1,0.5,80.2
2025-04-17T19:42:06.769879+00:00,126.958,58.5,0.5,83.1
2025-04-17T19:42:06.879272+00:00,127.068,61.8,0.5,64.3
2025-04-17T19:42:07.003229+00:00,127.192,68.9,0.5,60.1
2025-04-17T19:42:07.112558+00:00,127.301,76.2,0.5,59.4
2025-04-17T19:42:07.238652+00:00,127.427,88.6,0.5,70.4
2025-04-17T19:42:07.348619+00:00,127.537,99.3,0.5,70.1
2025-04-17T19:42:07.474421+00:00,127.663,112.5,0.5,86.5
2025-04-17T19:42:07.581692+00:00,127.770,119.8,0.5,82.5
2025-04-17T19:42:07.706566+00:00,127.895,125.3,0.5,66.6
2025-04-17T19:42:07.813603+00:00,128.002,125.9,0.5,0.0
2025-04-17T19:42:07.938454+00:00,128.127,124.1,0.5,74.1
2025-04-17T19:42:08.047989+00:00,128.237,119.5,0.5,78.2
2025-04-17T19:42:08.171273+00:00,128.360,109.9,0.5,72.5
2025-04-17T19:42:08.280358+00:00,128.469,100.2,0.5,66.6
2025-04-17T19:42:08.405515+00:00,128.594,84.7,0.5,65.5
2025-04-17T19:42:08.513405+00:00,128.702,72.5,0.5,68.2
2025-04-17T19:42:08.637246+00:00,128.826,58.5,0.5,68.0
2025-04-17T19:42:08.744862+00:00,128.933,50.9,0.5,68.9
2025-04-17T19:42:08.870541+00:00,129.059,45.2,0.5,80.7
2025-04-17T19:42:08.980377+00:00,129.169,44.6,0.5,0.0
2025-04-17T19:42:09.103577+00:00,129.292,47.2,0.5,93.6
2025-04-17T19:42:09.212617+00:00,129.401,52.4,0.5,86.0
2025-04-17T19:42:09.335503+00:00,129.524,63.1,0.5,83.4
2025-04-17T19:42:09.442689+00:00,129.631,73.7,0.5,82.0
2025-04-17T19:42:09.568609+00:00,129.757,89.5,0.5,76.3
2025-04-17T19:42:09.675577+00:00,129.864,101.2,0.5,85.2
2025-04-17T19:42:09.814661+00:00,130.003,114.4,0.5,82.6
2025-04-17T19:42:09.939416+00:00,130.128,123.4,0.5,82.6
2025-04-17T19:42:10.047629+00:00,130.236,127.0,0.5,81.5
2025-04-17T19:42:10.170384+00:00,130.359,127.6,0.5,0.0
2025-04-17T19:42:10.277288+00:00,130.466,124.7,0.5,83.5
2025-04-17T19:42:10.415376+00:00,130.604,116.5,0.5,74.4
2025-04-17T19:42:10.541441+00:00,130.730,103.9,0.5,66.6
2025-04-17T19:42:10.680259+00:00,130.869,88.3,0.5,66.1
2025-04-17T19:42:10.803476+00:00,130.992,72.3,0.5,62.7
2025-04-17T19:42:10.913225+00:00,131.102,61.9,0.5,67.5
2025-04-17T19:42:11.036470+00:00,131.225,51.3,0.5,75.6
2025-04-17T19:42:11.147340+00:00,131.336,46.1,0.5,57.5
2025-04-17T19:42:11.273702+00:00,131.462,43.4,0.5,0.0
2025-04-17T19:42:11.382327+00:00,131.571,44.0,0.5,68.1
2025-04-17T19:42:11.505249+00:00,131.694,49.6,0.5,85.5
2025-04-17T19:42:11.614629+00:00,131.803,57.3,0.5,85.5
2025-04-17T19:42:11.736520+00:00,131.925,71.3,0.5,84.2
2025-04-17T19:42:11.844775+00:00,132.033,83.0,0.5,88.0
2025-04-17T19:42:11.968639+00:00,132.157,97.8,0.5,88.7
2025-04-17T19:42:12.078234+00:00,132.267,107.1,0.5,90.8
2025-04-17T19:42:12.201386+00:00,132.390,116.2,0.5,92.7
2025-04-17T19:42:12.309890+00:00,132.498,120.4,0.5,93.0
2025-04-17T19:42:12.434096+00:00,132.623,121.9,0.5,0.0
2025-04-17T19:42:12.543228+00:00,132.732,120.4,0.5,98.2
2025-04-17T19:42:12.681370+00:00,132.870,114.0,0.5,94.1
2025-04-17T19:42:12.806338+00:00,132.995,103.2,0.5,92.0
2025-04-17T19:42:12.947536+00:00,133.136,89.5,0.5,86.4
2025-04-17T19:42:13.071123+00:00,133.260,75.9,0.5,93.1
2025-04-17T19:42:13.178894+00:00,133.367,67.5,0.5,87.2
2025-04-17T19:42:13.302978+00:00,133.491,58.8,0.5,90.2
2025-04-17T19:42:13.412559+00:00,133.601,54.3,0.5,92.4
2025-04-17T19:42:13.536547+00:00,133.725,51.8,0.5,0.0
2025-04-17T19:42:13.645512+00:00,133.834,51.8,0.5,0.0
2025-04-17T19:42:13.766576+00:00,133.955,57.3,0.5,84.6
2025-04-17T19:42:13.875362+00:00,134.064,65.6,0.5,80.4
2025-04-17T19:42:14.001049+00:00,134.190,77.9,0.5,94.0
2025-04-17T19:42:14.108296+00:00,134.297,85.8,0.5,97.1
2025-04-17T19:42:14.247305+00:00,134.436,95.6,0.5,79.7
2025-04-17T19:42:14.370976+00:00,134.559,103.9,0.5,94.5
2025-04-17T19:42:14.480954+00:00,134.669,107.8,0.5,96.4
2025-04-17T19:42:14.603765+00:00,134.792,110.1,0.5,0.0
2025-04-17T19:42:14.713683+00:00,134.902,109.6,0.5,99.1
2025-04-17T19:42:14.838547+00:00,135.027,105.8,0.5,97.7
2025-04-17T19:42:14.946303+00:00,135.135,100.3,0.5,96.7
2025-04-17T19:42:15.071295+00:00,135.260,90.1,0.5,95.3
2025-04-17T19:42:15.180225+00:00,135.369,81.4,0.5,98.7
2025-04-17T19:42:15.303703+00:00,135.492,71.3,0.5,94.3
2025-04-17T19:42:15.414722+00:00,135.603,65.9,0.5,93.0
2025-04-17T19:42:15.537760+00:00,135.726,61.5,0.5,95.4
2025-04-17T19:42:15.648177+00:00,135.837,60.2,0.5,0.0
2025-04-17T19:42:15.773999+00:00,135.963,60.2,0.5,0.0
2025-04-17T19:42:15.882180+00:00,136.071,62.6,0.5,93.3
2025-04-17T19:42:16.007548+00:00,136.196,70.7,0.5,87.4
2025-04-17T19:42:16.134377+00:00,136.323,86.1,0.5,64.8
2025-04-17T19:42:16.242341+00:00,136.431,94.6,0.5,97.1
2025-04-17T19:42:16.381803+00:00,136.570,100.7,0.5,93.5
2025-04-17T19:42:16.505794+00:00,136.694,104.5,0.5,96.1
2025-04-17T19:42:16.614447+00:00,136.803,106.9,0.5,99.0
2025-04-17T19:42:16.738303+00:00,136.927,106.9,0.5,0.0
2025-04-17T19:42:16.844930+00:00,137.033,105.7,0.5,98.1
2025-04-17T19:42:16.970545+00:00,137.159,100.9,0.5,98.6
2025-04-17T19:42:17.078954+00:00,137.267,95.1,0.5,98.7
2025-04-17T19:42:17.202639+00:00,137.391,84.8,0.5,95.4
2025-04-17T19:42:17.313110+00:00,137.502,90.9,0.5,59.0
2025-04-17T19:42:17.435138+00:00,137.624,79.7,0.5,59.8
2025-04-17T19:42:17.543103+00:00,137.732,73.2,0.5,61.9
2025-04-17T19:42:17.683292+00:00,137.872,68.2,0.5,73.1
2025-04-17T19:42:17.805190+00:00,137.994,67.8,0.5,56.8
2025-04-17T19:42:17.913318+00:00,138.102,69.1,0.5,52.7
2025-04-17T19:42:18.040706+00:00,138.229,74.2,0.5,43.4
2025-04-17T19:42:18.181543+00:00,138.370,82.6,0.5,42.6
2025-04-17T19:42:18.305574+00:00,138.494,94.0,0.5,40.4
2025-04-17T19:42:18.411577+00:00,138.600,103.9,0.5,43.0
2025-04-17T19:42:18.536770+00:00,138.725,115.9,0.5,54.7
2025-04-17T19:42:18.647634+00:00,138.836,122.5,0.5,45.9
2025-04-17T19:42:18.771658+00:00,138.960,127.2,0.5,39.4
2025-04-17T19:42:18.879875+00:00,139.068,127.2,0.5,0.0
2025-04-17T19:42:19.004634+00:00,139.193,125.6,0.5,44.6
2025-04-17T19:42:19.114814+00:00,139.303,121.3,0.5,39.1
2025-04-17T19:42:19.238098+00:00,139.427,112.6,0.5,43.6
2025-04-17T19:42:19.348680+00:00,139.537,103.9,0.5,40.9
2025-04-17T19:42:19.473008+00:00,139.662,89.7,0.5,41.0
2025-04-17T19:42:19.582028+00:00,139.771,78.2,0.5,41.6
2025-04-17T19:42:19.707254+00:00,139.896,64.6,0.5,42.0
2025-04-17T19:42:19.815097+00:00,140.004,57.5,0.5,42.4
2025-04-17T19:42:19.940328+00:00,140.129,52.6,0.5,57.2
2025-04-17T19:42:20.080822+00:00,140.269,53.3,0.5,53.0
2025-04-17T19:42:20.204652+00:00,140.393,58.2,0.5,49.2
2025-04-17T19:42:20.313107+00:00,140.502,64.5,0.5,47.3
2025-04-17T19:42:20.434760+00:00,140.623,76.4,0.5,50.6
2025-04-17T19:42:20.543280+00:00,140.732,87.1,0.5,51.9
2025-04-17T19:42:20.681638+00:00,140.870,102.2,0.5,54.9
2025-04-17T19:42:20.804903+00:00,140.993,115.4,0.5,56.4
2025-04-17T19:42:20.948668+00:00,141.137,125.0,0.5,53.7
2025-04-17T19:42:21.071347+00:00,141.260,129.1,0.5,0.0
2025-04-17T19:42:21.179721+00:00,141.368,130.4,0.5,0.0
2025-04-17T19:42:21.303594+00:00,141.492,127.6,0.5,57.2
2025-04-17T19:42:21.412503+00:00,141.601,122.2,0.5,52.0
2025-04-17T19:42:21.537196+00:00,141.726,114.3,0.5,0.0
2025-04-17T19:42:21.647139+00:00,141.836,100.6,0.5,40.9
2025-04-17T19:42:21.770969+00:00,141.959,84.9,0.5,36.8
2025-04-17T19:42:21.880195+00:00,142.069,73.4,0.5,28.0
2025-04-17T19:42:22.004061+00:00,142.193,60.8,0.5,41.6
2025-04-17T19:42:22.113642+00:00,142.302,54.0,0.5,47.5
2025-04-17T19:42:22.236475+00:00,142.425,48.9,0.5,54.7
2025-04-17T19:42:22.345091+00:00,142.534,48.9,0.5,0.0
2025-04-17T19:42:22.467664+00:00,142.656,52.0,0.5,54.4
2025-04-17T19:42:22.578361+00:00,142.767,58.0,0.5,56.2
2025-04-17T19:42:22.701905+00:00,142.890,69.9,0.5,57.0
2025-04-17T19:42:22.813615+00:00,143.002,80.7,0.5,56.5
2025-04-17T19:42:22.934292+00:00,143.123,95.4,0.5,53.5
2025-04-17T19:42:23.042657+00:00,143.231,105.2,0.5,48.9
2025-04-17T19:42:23.168882+00:00,143.357,115.4,0.5,47.1
2025-04-17T19:42:23.276548+00:00,143.465,120.6,0.5,50.3
2025-04-17T19:42:23.403291+00:00,143.592,124.0,0.5,62.9
2025-04-17T19:42:23.510048+00:00,143.699,123.6,0.5,58.6
2025-04-17T19:42:23.635244+00:00,143.824,119.2,0.5,49.3
2025-04-17T19:42:23.746417+00:00,143.935,119.3,0.5,56.4
2025-04-17T19:42:23.871625+00:00,144.060,107.4,0.5,50.6
2025-04-17T19:42:23.980155+00:00,144.169,97.0,0.5,48.9
2025-04-17T19:42:24.104644+00:00,144.293,83.6,0.5,34.2
2025-04-17T19:42:24.215025+00:00,144.404,80.6,0.5,49.6
2025-04-17T19:42:24.339968+00:00,144.528,74.5,0.5,62.8
2025-04-17T19:42:24.448873+00:00,144.637,70.3,0.5,68.7
2025-04-17T19:42:24.571346+00:00,144.760,68.7,0.5,0.0
2025-04-17T19:42:24.679703+00:00,144.868,68.7,0.5,0.0
2025-04-17T19:42:24.804484+00:00,144.993,68.7,0.5,0.0
2025-04-17T19:42:24.913338+00:00,145.102,68.7,0.5,0.0
2025-04-17T19:42:25.037232+00:00,145.226,68.7,0.5,0.0
2025-04-17T19:42:25.147975+00:00,145.336,68.7,0.5,0.0
2025-04-17T19:42:25.272320+00:00,145.461,68.7,0.5,0.0
2025-04-17T19:42:25.380857+00:00,145.569,68.7,0.5,0.0
2025-04-17T19:42:25.505278+00:00,145.694,68.7,0.5,0.0
2025-04-17T19:42:25.614630+00:00,145.803,68.7,0.5,0.0
2025-04-17T19:42:25.738245+00:00,145.927,68.7,0.5,0.0
2025-04-17T19:42:25.849043+00:00,146.038,68.7,0.5,0.0
2025-04-17T19:42:25.972820+00:00,146.161,107.8,0.5,60.7
2025-04-17T19:42:26.114994+00:00,146.304,97.5,0.5,44.0
2025-04-17T19:42:26.239722+00:00,146.428,86.7,0.5,62.1
2025-04-17T19:42:26.380891+00:00,146.569,78.2,0.5,67.4
2025-04-17T19:42:26.505133+00:00,146.694,73.7,0.5,63.4
2025-04-17T19:42:26.647040+00:00,146.836,71.4,0.5,54.6
2025-04-17T19:42:26.769398+00:00,146.958,71.4,0.5,0.0
2025-04-17T19:42:26.879142+00:00,147.068,73.8,0.5,38.8
2025-04-17T19:42:27.002265+00:00,147.191,79.9,0.5,41.9
2025-04-17T19:42:27.110353+00:00,147.299,86.5,0.5,32.2
2025-04-17T19:42:27.234463+00:00,147.423,96.0,0.5,67.5
2025-04-17T19:42:27.343675+00:00,147.532,102.2,0.5,40.6
2025-04-17T19:42:27.468697+00:00,147.657,108.1,0.5,41.3
2025-04-17T19:42:27.576800+00:00,147.765,110.6,0.5,34.7
2025-04-17T19:42:27.714860+00:00,147.903,110.6,0.5,0.0
2025-04-17T19:42:27.837555+00:00,148.026,107.0,0.5,57.4
2025-04-17T19:42:27.947679+00:00,148.136,103.2,0.5,51.5
2025-04-17T19:42:28.070761+00:00,148.259,97.5,0.5,0.0
2025-04-17T19:42:28.180098+00:00,148.369,87.0,0.5,42.9
2025-04-17T19:42:28.303540+00:00,148.492,74.8,0.5,46.1
2025-04-17T19:42:28.412419+00:00,148.601,66.7,0.5,44.0
2025-04-17T19:42:28.536538+00:00,148.725,60.8,0.5,0.0
2025-04-17T19:42:28.644482+00:00,148.833,56.9,0.5,44.5
2025-04-17T19:42:28.769338+00:00,148.958,57.1,0.5,57.8
2025-04-17T19:42:28.878713+00:00,149.067,59.3,0.5,57.2
2025-04-17T19:42:29.002967+00:00,149.191,64.8,0.5,46.0
2025-04-17T19:42:29.110563+00:00,149.299,70.9,0.5,38.7
2025-04-17T19:42:29.233555+00:00,149.422,78.7,0.5,0.0
2025-04-17T19:42:29.342656+00:00,149.531,91.5,0.5,48.9
2025-04-17T19:42:29.481983+00:00,149.670,104.3,0.5,59.5
2025-04-17T19:42:29.605672+00:00,149.794,113.2,0.5,60.2
2025-04-17T19:42:29.714590+00:00,149.903,117.0,0.5,56.5
2025-04-17T19:42:29.839268+00:00,150.028,117.8,0.5,0.0
2025-04-17T19:42:29.949038+00:00,150.138,116.3,0.5,58.6
2025-04-17T19:42:30.072121+00:00,150.261,110.2,0.5,63.6
2025-04-17T19:42:30.213403+00:00,150.402,100.4,0.5,59.4
2025-04-17T19:42:30.337529+00:00,150.526,87.5,0.5,62.9
2025-04-17T19:42:30.446760+00:00,150.635,76.6,0.5,59.5
2025-04-17T19:42:30.570155+00:00,150.759,65.8,0.5,0.0
2025-04-17T19:42:30.678619+00:00,150.867,54.1,0.5,61.9
2025-04-17T19:42:30.801014+00:00,150.990,48.2,0.5,0.0
2025-04-17T19:42:30.909582+00:00,151.098,45.0,0.5,0.0
2025-04-17T19:42:31.033957+00:00,151.222,45.0,0.5,0.0
2025-04-17T19:42:31.142895+00:00,151.331,49.4,0.5,63.9
2025-04-17T19:42:31.266697+00:00,151.455,55.5,0.5,0.0
2025-04-17T19:42:31.375537+00:00,151.564,67.0,0.5,59.0
2025-04-17T19:42:31.514801+00:00,151.703,81.5,0.5,50.2
2025-04-17T19:42:31.638972+00:00,151.827,96.6,0.5,58.7
2025-04-17T19:42:31.747997+00:00,151.937,106.6,0.5,59.2
2025-04-17T19:42:31.870749+00:00,152.059,116.5,0.5,62.4
2025-04-17T19:42:31.980350+00:00,152.169,121.0,0.5,59.7
2025-04-17T19:42:32.105445+00:00,152.294,122.4,0.5,0.0
2025-04-17T19:42:32.214624+00:00,152.403,120.8,0.5,65.0
2025-04-17T19:42:32.337635+00:00,152.526,114.2,0.5,63.3
2025-04-17T19:42:32.449045+00:00,152.638,106.2,0.5,58.2
2025-04-17T19:42:32.571226+00:00,152.760,92.7,0.5,61.0
2025-04-17T19:42:32.679931+00:00,152.868,81.3,0.5,55.8
2025-04-17T19:42:32.803453+00:00,152.992,67.1,0.5,59.6
2025-04-17T19:42:32.911473+00:00,153.100,58.2,0.5,60.4
2025-04-17T19:42:33.038073+00:00,153.227,49.7,0.5,62.7
2025-04-17T19:42:33.146572+00:00,153.335,46.2,0.5,52.4
2025-04-17T19:42:33.272068+00:00,153.461,45.5,0.5,0.0
2025-04-17T19:42:33.380660+00:00,153.569,47.6,0.5,14.4
2025-04-17T19:42:33.505189+00:00,153.694,54.8,0.5,56.7
2025-04-17T19:42:33.613282+00:00,153.802,63.4,0.5,52.9
2025-04-17T19:42:33.737439+00:00,153.926,77.5,0.5,63.5
2025-04-17T19:42:33.846978+00:00,154.035,88.3,0.5,62.3
2025-04-17T19:42:33.970606+00:00,154.159,101.1,0.5,62.2
2025-04-17T19:42:34.081524+00:00,154.270,108.5,0.5,58.0
2025-04-17T19:42:34.204852+00:00,154.393,115.0,0.5,64.0
2025-04-17T19:42:34.315501+00:00,154.504,117.2,0.5,64.8
2025-04-17T19:42:34.438897+00:00,154.627,116.6,0.5,64.0
2025-04-17T19:42:34.547522+00:00,154.736,115.7,0.5,0.0
2025-04-17T19:42:34.673656+00:00,154.862,107.5,0.5,100.0
2025-04-17T19:42:34.814776+00:00,155.003,95.9,0.5,100.0
2025-04-17T19:42:34.939680+00:00,155.128,83.0,0.5,100.0
2025-04-17T19:42:35.079921+00:00,155.268,71.9,0.5,100.0
2025-04-17T19:42:35.204908+00:00,155.393,63.6,0.5,100.0
2025-04-17T19:42:35.312464+00:00,155.501,59.5,0.5,100.0
2025-04-17T19:42:35.438702+00:00,155.627,57.3,0.5,0.0
2025-04-17T19:42:35.547321+00:00,155.736,58.1,0.5,57.8
2025-04-17T19:42:35.670488+00:00,155.859,63.8,0.5,100.0
2025-04-17T19:42:35.781127+00:00,155.970,71.4,0.5,100.0
2025-04-17T19:42:35.904742+00:00,156.093,82.7,0.5,100.0
2025-04-17T19:42:36.013870+00:00,156.202,90.8,0.5,100.0
2025-04-17T19:42:36.140162+00:00,156.329,99.6,0.5,100.0
2025-04-17T19:42:36.247868+00:00,156.436,105.3,0.5,100.0
2025-04-17T19:42:36.371427+00:00,156.560,110.2,0.5,100.0
2025-04-17T19:42:36.480791+00:00,156.669,111.6,0.5,100.0
2025-04-17T19:42:36.604258+00:00,156.793,111.0,0.5,100.0
2025-04-17T19:42:36.712132+00:00,156.901,107.9,0.5,100.0
2025-04-17T19:42:36.838723+00:00,157.027,100.7,0.5,100.0
2025-04-17T19:42:36.947946+00:00,157.136,93.3,0.5,100.0
2025-04-17T19:42:37.070012+00:00,157.259,84.8,0.5,0.0
2025-04-17T19:42:37.179052+00:00,157.368,74.2,0.5,100.0
2025-04-17T19:42:37.303505+00:00,157.492,67.0,0.5,100.0
2025-04-17T19:42:37.412699+00:00,157.601,63.8,0.5,100.0
2025-04-17T19:42:37.535249+00:00,157.724,62.7,0.5,0.0
2025-04-17T19:42:37.645005+00:00,157.834,63.2,0.5,100.0
2025-04-17T19:42:37.769279+00:00,157.958,67.6,0.5,100.0
2025-04-17T19:42:37.877230+00:00,158.066,73.9,0.5,100.0
2025-04-17T19:42:38.002647+00:00,158.191,85.3,0.5,100.0
2025-04-17T19:42:38.110838+00:00,158.299,94.2,0.5,100.0
2025-04-17T19:42:38.234965+00:00,158.423,101.5,0.5,0.0
2025-04-17T19:42:38.344926+00:00,158.533,108.5,0.5,100.0
2025-04-17T19:42:38.467655+00:00,158.656,111.7,0.5,0.0
2025-04-17T19:42:38.576438+00:00,158.765,113.1,0.5,0.0
2025-04-17T19:42:38.715228+00:00,158.904,111.7,0.5,100.0
2025-04-17T19:42:38.839993+00:00,159.029,107.8,0.5,100.0
2025-04-17T19:42:38.981177+00:00,159.170,99.4,0.5,100.0
2025-04-17T19:42:39.106479+00:00,159.295,88.0,0.5,100.0
2025-04-17T19:42:39.214624+00:00,159.403,78.6,0.5,100.0
2025-04-17T19:42:39.338881+00:00,159.527,67.2,0.5,100.0
2025-04-17T19:42:39.447361+00:00,159.636,61.1,0.5,100.0
2025-04-17T19:42:39.570724+00:00,159.759,56.8,0.5,100.0
2025-04-17T19:42:39.678150+00:00,159.867,56.2,0.5,0.0
2025-04-17T19:42:39.802582+00:00,159.991,57.5,0.5,0.0
2025-04-17T19:42:39.911896+00:00,160.100,62.8,0.5,100.0
2025-04-17T19:42:40.035583+00:00,160.224,69.2,0.5,0.0
2025-04-17T19:42:40.144006+00:00,160.333,81.0,0.5,100.0
2025-04-17T19:42:40.267762+00:00,160.456,91.1,0.5,0.0
2025-04-17T19:42:40.376532+00:00,160.565,103.3,0.5,100.0
2025-04-17T19:42:40.500884+00:00,160.689,110.4,0.5,100.0
2025-04-17T19:42:40.610490+00:00,160.799,116.8,0.5,100.0
2025-04-17T19:42:40.733937+00:00,160.922,119.1,0.5,0.0
2025-04-17T19:42:40.844635+00:00,161.033,118.5,0.5,100.0
2025-04-17T19:42:40.968150+00:00,161.157,113.9,0.5,100.0
2025-04-17T19:42:41.077567+00:00,161.266,108.0,0.5,100.0
2025-04-17T19:42:41.215453+00:00,161.404,97.1,0.5,100.0
2025-04-17T19:42:41.339956+00:00,161.528,95.5,0.5,43.7
2025-04-17T19:42:41.449329+00:00,161.638,85.3,0.5,28.8
2025-04-17T19:42:41.573132+00:00,161.762,73.7,0.5,49.1
2025-04-17T19:42:41.680927+00:00,161.869,68.5,0.5,35.2
2025-04-17T19:42:41.804243+00:00,161.993,67.7,0.5,61.4
2025-04-17T19:42:41.912817+00:00,162.101,66.9,0.5,0.0
2025-04-17T19:42:42.037300+00:00,162.226,68.8,0.5,50.5
2025-04-17T19:42:42.146859+00:00,162.335,73.7,0.5,49.7
2025-04-17T19:42:42.272301+00:00,162.461,83.6,0.5,55.1
2025-04-17T19:42:42.381388+00:00,162.570,92.9,0.5,55.7
2025-04-17T19:42:42.505432+00:00,162.694,105.8,0.5,61.1
2025-04-17T19:42:42.613818+00:00,162.802,114.4,0.5,45.2
2025-04-17T19:42:42.737266+00:00,162.926,122.9,0.5,52.1
2025-04-17T19:42:42.844940+00:00,163.033,125.8,0.5,43.4
2025-04-17T19:42:42.970680+00:00,163.159,126.6,0.5,0.0
2025-04-17T19:42:43.078019+00:00,163.267,126.1,0.5,62.8
2025-04-17T19:42:43.201447+00:00,163.390,123.1,0.5,0.0
2025-04-17T19:42:43.309877+00:00,163.498,115.4,0.5,43.6
2025-04-17T19:42:43.433761+00:00,163.622,107.1,0.5,40.2
2025-04-17T19:42:43.543604+00:00,163.732,93.9,0.5,39.8
2025-04-17T19:42:43.668021+00:00,163.857,84.0,0.5,0.0
2025-04-17T19:42:43.778764+00:00,163.967,73.1,0.5,45.9
2025-04-17T19:42:43.902528+00:00,164.091,69.5,0.5,57.2
2025-04-17T19:42:44.013353+00:00,164.202,66.6,0.5,64.9
2025-04-17T19:42:44.137894+00:00,164.326,66.6,0.5,0.0
2025-04-17T19:42:44.245706+00:00,164.434,68.9,0.5,47.3
2025-04-17T19:42:44.369620+00:00,164.558,73.5,0.5,0.0
2025-04-17T19:42:44.480103+00:00,164.669,83.0,0.5,57.6
2025-04-17T19:42:44.602185+00:00,164.791,91.8,0.5,0.0
2025-04-17T19:42:44.710720+00:00,164.899,103.7,0.5,61.6
2025-04-17T19:42:44.834395+00:00,165.023,111.3,0.5,52.8
2025-04-17T19:42:44.944494+00:00,165.133,118.5,0.5,47.7
2025-04-17T19:42:45.067427+00:00,165.256,119.8,0.5,43.0
2025-04-17T19:42:45.175704+00:00,165.364,119.8,0.5,0.0
2025-04-17T19:42:45.299923+00:00,165.488,118.5,0.5,62.3
2025-04-17T19:42:45.408728+00:00,165.597,113.0,0.5,50.2
2025-04-17T19:42:45.534432+00:00,165.723,106.3,0.5,44.4
2025-04-17T19:42:45.644502+00:00,165.833,94.4,0.5,43.4
2025-04-17T19:42:45.767812+00:00,165.956,84.7,0.5,0.0
2025-04-17T19:42:45.877294+00:00,166.066,73.2,0.5,47.0
2025-04-17T19:42:46.003354+00:00,166.192,65.4,0.5,55.5
2025-04-17T19:42:46.111866+00:00,166.300,65.4,0.5,42.5
2025-04-17T19:42:46.234193+00:00,166.423,64.7,0.5,0.0
2025-04-17T19:42:46.342477+00:00,166.531,65.4,0.5,45.6
2025-04-17T19:42:46.482066+00:00,166.671,70.7,0.5,30.7
2025-04-17T19:42:46.605589+00:00,166.794,79.6,0.5,47.8
2025-04-17T19:42:46.747478+00:00,166.936,91.3,0.5,47.4
2025-04-17T19:42:46.869838+00:00,167.058,103.0,0.5,57.6
2025-04-17T19:42:46.980078+00:00,167.169,110.1,0.5,50.7
2025-04-17T19:42:47.104942+00:00,167.293,116.7,0.5,33.0
2025-04-17T19:42:47.212543+00:00,167.401,119.0,0.5,31.7
2025-04-17T19:42:47.337584+00:00,167.526,119.0,0.5,0.0
2025-04-17T19:42:47.481326+00:00,167.670,115.2,0.5,42.8
2025-04-17T19:42:47.604997+00:00,167.794,107.4,0.5,48.3
2025-04-17T19:42:47.714553+00:00,167.903,99.0,0.5,33.8
2025-04-17T19:42:47.839406+00:00,168.028,85.7,0.5,45.9
2025-04-17T19:42:47.948793+00:00,168.137,75.6,0.5,31.3
2025-04-17T19:42:48.071435+00:00,168.260,67.0,0.5,0.0
2025-04-17T19:42:48.180186+00:00,168.369,59.3,0.5,39.8
2025-04-17T19:42:48.303699+00:00,168.492,56.3,0.5,0.0
2025-04-17T19:42:48.413472+00:00,168.602,56.3,0.5,0.0
2025-04-17T19:42:48.534440+00:00,168.723,58.7,0.5,0.0
2025-04-17T19:42:48.644254+00:00,168.833,65.2,0.5,41.7
2025-04-17T19:42:48.768360+00:00,168.957,72.5,0.5,58.3
2025-04-17T19:42:48.875209+00:00,169.064,85.1,0.5,45.6
2025-04-17T19:42:49.001029+00:00,169.190,94.4,0.5,46.7
2025-04-17T19:42:49.110992+00:00,169.300,105.7,0.5,51.0
2025-04-17T19:42:49.233142+00:00,169.422,112.3,0.5,47.9
2025-04-17T19:42:49.341145+00:00,169.530,117.5,0.5,46.7
2025-04-17T19:42:49.482118+00:00,169.671,118.1,0.5,0.0
2025-04-17T19:42:49.605389+00:00,169.794,116.6,0.5,0.0
2025-04-17T19:42:49.715319+00:00,169.904,110.2,0.5,43.2
2025-04-17T19:42:49.839251+00:00,170.028,99.6,0.5,45.8
2025-04-17T19:42:49.949318+00:00,170.138,89.9,0.5,31.7
2025-04-17T19:42:50.070792+00:00,170.259,79.7,0.5,0.0
2025-04-17T19:42:50.181916+00:00,170.370,67.8,0.5,30.0
2025-04-17T19:42:50.306350+00:00,170.495,59.3,0.5,50.0
2025-04-17T19:42:50.415262+00:00,170.604,55.2,0.5,45.0
2025-04-17T19:42:50.539656+00:00,170.728,53.7,0.5,0.0
2025-04-17T19:42:50.649147+00:00,170.838,54.5,0.5,36.2
2025-04-17T19:42:50.770864+00:00,170.959,59.1,0.5,52.1
2025-04-17T19:42:50.881622+00:00,171.070,65.3,0.5,45.8
2025-04-17T19:42:51.004140+00:00,171.193,76.6,0.5,63.1
2025-04-17T19:42:51.113710+00:00,171.302,86.3,0.5,60.2
2025-04-17T19:42:51.237196+00:00,171.426,98.1,0.5,56.9
2025-04-17T19:42:51.346314+00:00,171.535,105.3,0.5,48.5
2025-04-17T19:42:51.473587+00:00,171.662,111.8,0.5,48.4
2025-04-17T19:42:51.580909+00:00,171.769,114.0,0.5,41.7
2025-04-17T19:42:51.704808+00:00,171.893,114.0,0.5,0.0
2025-04-17T19:42:51.814533+00:00,172.003,111.2,0.5,55.6
2025-04-17T19:42:51.937644+00:00,172.126,106.2,0.5,0.0
2025-04-17T19:42:52.044529+00:00,172.233,96.3,0.5,47.6
2025-04-17T19:42:52.167303+00:00,172.356,87.3,0.5,45.6
2025-04-17T19:42:52.275288+00:00,172.464,75.6,0.5,46.2
2025-04-17T19:42:52.414888+00:00,172.603,66.5,0.5,35.9
2025-04-17T19:42:52.539516+00:00,172.728,60.9,0.5,60.2
2025-04-17T19:42:52.649423+00:00,172.838,58.8,0.5,51.0
2025-04-17T19:42:52.774650+00:00,172.963,58.8,0.5,0.0
2025-04-17T19:42:52.882260+00:00,173.071,61.3,0.5,32.6
2025-04-17T19:42:53.005155+00:00,173.194,66.0,0.5,0.0
2025-04-17T19:42:53.114069+00:00,173.303,76.0,0.5,41.6
2025-04-17T19:42:53.238045+00:00,173.427,87.8,0.5,71.4
2025-04-17T19:42:53.349152+00:00,173.538,95.6,0.5,46.1
2025-04-17T19:42:53.474735+00:00,173.663,103.7,0.5,48.1
2025-04-17T19:42:53.600786+00:00,173.789,107.9,0.5,42.2
2025-04-17T19:42:53.708260+00:00,173.897,109.6,0.5,0.0
2025-04-17T19:42:53.815482+00:00,174.004,109.0,0.5,68.0
2025-04-17T19:42:53.940367+00:00,174.129,105.1,0.5,63.8
2025-04-17T19:42:54.080123+00:00,174.269,97.8,0.5,37.1
2025-04-17T19:42:54.204816+00:00,174.393,90.3,0.5,0.0
2025-04-17T19:42:54.312744+00:00,174.501,78.9,0.5,48.1
2025-04-17T19:42:54.437800+00:00,174.626,70.6,0.5,0.0
2025-04-17T19:42:54.548190+00:00,174.737,62.6,0.5,37.7
2025-04-17T19:42:54.672837+00:00,174.861,60.5,0.5,67.2
2025-04-17T19:42:54.782218+00:00,174.971,60.5,0.5,0.0
2025-04-17T19:42:54.904300+00:00,175.093,61.9,0.5,54.4
2025-04-17T19:42:55.011984+00:00,175.200,65.8,0.5,49.1
2025-04-17T19:42:55.136888+00:00,175.325,71.7,0.5,48.8
2025-04-17T19:42:55.243465+00:00,175.432,82.5,0.5,58.5
2025-04-17T19:42:55.367576+00:00,175.556,91.9,0.5,66.0
2025-04-17T19:42:55.475130+00:00,175.664,103.7,0.5,67.5
2025-04-17T19:42:55.614526+00:00,175.803,112.0,0.5,50.8
2025-04-17T19:42:55.738918+00:00,175.927,116.7,0.5,50.5
2025-04-17T19:42:55.848645+00:00,176.037,116.7,0.5,0.0
2025-04-17T19:42:55.970998+00:00,176.160,114.9,0.5,64.5
2025-04-17T19:42:56.079480+00:00,176.268,110.6,0.5,61.8
2025-04-17T19:42:56.203357+00:00,176.392,104.3,0.5,0.0
2025-04-17T19:42:56.310283+00:00,176.499,93.0,0.5,52.9
2025-04-17T19:42:56.434805+00:00,176.623,83.2,0.5,0.0
2025-04-17T19:42:56.541812+00:00,176.730,70.0,0.5,51.0
2025-04-17T19:42:56.667615+00:00,176.856,62.0,0.5,50.6
2025-04-17T19:42:56.779337+00:00,176.968,67.7,0.5,51.3
2025-04-17T19:42:56.904046+00:00,177.093,67.0,0.5,74.7
2025-04-17T19:42:57.012917+00:00,177.201,67.0,0.5,0.0
2025-04-17T19:42:57.136995+00:00,177.326,69.9,0.5,0.0
2025-04-17T19:42:57.245508+00:00,177.434,77.3,0.5,57.4
2025-04-17T19:42:57.369553+00:00,177.558,88.0,0.5,45.8
2025-04-17T19:42:57.478598+00:00,177.667,97.4,0.5,64.4
2025-04-17T19:42:57.605439+00:00,177.794,106.6,0.5,64.5
2025-04-17T19:42:57.712209+00:00,177.901,117.1,0.5,60.1
2025-04-17T19:42:57.837624+00:00,178.026,119.2,0.5,0.0
2025-04-17T19:42:57.947209+00:00,178.136,119.2,0.5,41.8
2025-04-17T19:42:58.070378+00:00,178.259,119.2,0.5,0.0
2025-04-17T19:42:58.178996+00:00,178.368,118.2,0.5,66.8
2025-04-17T19:42:58.302591+00:00,178.491,113.7,0.5,56.2
2025-04-17T19:42:58.410964+00:00,178.599,104.4,0.5,52.3
2025-04-17T19:42:58.534660+00:00,178.723,95.4,0.5,49.8
2025-04-17T19:42:58.643478+00:00,178.832,82.0,0.5,50.7
2025-04-17T19:42:58.768689+00:00,178.957,72.6,0.5,52.3
2025-04-17T19:42:58.877655+00:00,179.066,67.3,0.5,46.2
2025-04-17T19:42:59.002592+00:00,179.191,64.1,0.5,63.1
2025-04-17T19:42:59.110453+00:00,179.299,61.3,0.5,0.0
2025-04-17T19:42:59.235168+00:00,179.424,61.3,0.5,0.0
2025-04-17T19:42:59.344475+00:00,179.533,65.2,0.5,61.1
2025-04-17T19:42:59.469614+00:00,179.658,70.8,0.5,65.0
2025-04-17T19:42:59.577398+00:00,179.766,81.1,0.5,69.9
2025-04-17T19:42:59.701658+00:00,179.890,89.8,0.5,67.7
2025-04-17T19:42:59.809283+00:00,179.998,100.8,0.5,57.7
2025-04-17T19:42:59.933526+00:00,180.122,107.5,0.5,53.3
2025-04-17T19:43:00.043161+00:00,180.232,109.0,0.5,48.0
2025-04-17T19:43:00.181109+00:00,180.370,109.0,0.5,0.0
2025-04-17T19:43:00.306492+00:00,180.495,109.0,0.5,0.0
2025-04-17T19:43:00.448124+00:00,180.637,106.2,0.5,43.4
2025-04-17T19:43:00.571131+00:00,180.760,100.3,0.5,0.0
2025-04-17T19:43:00.682478+00:00,180.871,90.1,0.5,37.0
2025-04-17T19:43:00.803531+00:00,180.992,87.4,0.5,0.0
2025-04-17T19:43:00.911982+00:00,181.100,81.9,0.5,50.3
2025-04-17T19:43:01.036790+00:00,181.225,76.7,0.5,40.4
2025-04-17T19:43:01.147627+00:00,181.336,71.5,0.5,46.4
2025-04-17T19:43:01.270944+00:00,181.459,70.1,0.5,0.0
2025-04-17T19:43:01.381164+00:00,181.570,70.9,0.5,23.2
2025-04-17T19:43:01.504975+00:00,181.693,73.9,0.5,0.0
2025-04-17T19:43:01.615145+00:00,181.804,80.9,0.5,31.2
2025-04-17T19:43:01.738975+00:00,181.927,90.7,0.5,49.5
2025-04-17T19:43:01.848706+00:00,182.037,98.6,0.5,39.1
2025-04-17T19:43:01.972182+00:00,182.161,105.4,0.5,0.0
2025-04-17T19:43:02.080595+00:00,182.269,112.0,0.5,27.7
2025-04-17T19:43:02.203681+00:00,182.392,114.3,0.5,0.0
2025-04-17T19:43:02.312637+00:00,182.501,114.3,0.5,0.0
2025-04-17T19:43:02.436526+00:00,182.625,113.6,0.5,40.0
2025-04-17T19:43:02.542916+00:00,182.731,108.9,0.5,38.2
2025-04-17T19:43:02.668323+00:00,182.857,103.0,0.5,33.8
2025-04-17T19:43:02.777872+00:00,182.966,92.5,0.5,29.5
2025-04-17T19:43:02.902522+00:00,183.091,83.9,0.5,30.9
2025-04-17T19:43:03.009868+00:00,183.198,74.1,0.5,32.4
2025-04-17T19:43:03.134789+00:00,183.323,69.0,0.5,36.7
2025-04-17T19:43:03.243839+00:00,183.432,65.4,0.5,42.9
2025-04-17T19:43:03.382998+00:00,183.572,65.4,0.5,0.0
2025-04-17T19:43:03.506631+00:00,183.695,68.3,0.5,34.0
2025-04-17T19:43:03.614933+00:00,183.803,73.1,0.5,24.1
2025-04-17T19:43:03.739942+00:00,183.928,79.7,0.5,0.0
2025-04-17T19:43:03.848605+00:00,184.037,90.8,0.5,30.6
2025-04-17T19:43:03.973844+00:00,184.162,102.6,0.5,42.5
2025-04-17T19:43:04.081168+00:00,184.270,109.9,0.5,35.4
2025-04-17T19:43:04.204468+00:00,184.393,116.5,0.5,45.9
2025-04-17T19:43:04.315145+00:00,184.504,118.9,0.5,43.2
2025-04-17T19:43:04.439350+00:00,184.628,118.9,0.5,0.0
2025-04-17T19:43:04.580120+00:00,184.769,114.5,0.5,37.2
2025-04-17T19:43:04.705175+00:00,184.894,111.0,0.5,0.0
2025-04-17T19:43:04.813145+00:00,185.002,100.5,0.5,68.8
2025-04-17T19:43:04.938730+00:00,185.127,91.0,0.5,0.0
2025-04-17T19:43:05.047300+00:00,185.236,77.7,0.5,47.0
2025-04-17T19:43:05.172152+00:00,185.361,69.0,0.5,0.0
2025-04-17T19:43:05.279959+00:00,185.468,61.2,0.5,76.4
2025-04-17T19:43:05.405028+00:00,185.594,58.2,0.5,0.0
2025-04-17T19:43:05.514499+00:00,185.703,58.2,0.5,0.0
2025-04-17T19:43:05.637495+00:00,185.826,60.2,0.5,0.0
2025-04-17T19:43:05.748547+00:00,185.937,67.0,0.5,60.3
2025-04-17T19:43:05.871852+00:00,186.060,74.6,0.5,0.0
2025-04-17T19:43:05.979676+00:00,186.168,87.1,0.5,52.0
2025-04-17T19:43:06.104589+00:00,186.293,96.9,0.5,66.5
2025-04-17T19:43:06.211262+00:00,186.400,108.4,0.5,70.7
2025-04-17T19:43:06.335662+00:00,186.524,114.9,0.5,74.4
2025-04-17T19:43:06.443735+00:00,186.632,120.3,0.5,76.5
2025-04-17T19:43:06.582117+00:00,186.771,120.9,0.5,0.0
2025-04-17T19:43:06.705484+00:00,186.894,119.4,0.5,0.0
2025-04-17T19:43:06.816504+00:00,187.005,113.3,0.5,68.9
2025-04-17T19:43:06.938529+00:00,187.127,106.1,0.5,0.0
2025-04-17T19:43:07.048701+00:00,187.237,94.0,0.5,74.8
2025-04-17T19:43:07.171875+00:00,187.360,84.3,0.5,0.0
2025-04-17T19:43:07.280041+00:00,187.469,72.7,0.5,44.4
2025-04-17T19:43:07.403759+00:00,187.592,66.0,0.5,66.5
2025-04-17T19:43:07.514909+00:00,187.703,60.4,0.5,62.3
2025-04-17T19:43:07.637254+00:00,187.826,59.6,0.5,0.0
2025-04-17T19:43:07.746599+00:00,187.935,60.8,0.5,47.4
2025-04-17T19:43:07.871611+00:00,188.060,64.7,0.5,0.0
2025-04-17T19:43:07.982003+00:00,188.171,73.6,0.5,56.9
2025-04-17T19:43:08.104362+00:00,188.293,82.6,0.5,66.5
2025-04-17T19:43:08.213509+00:00,188.402,94.9,0.5,60.0
2025-04-17T19:43:08.337573+00:00,188.526,103.2,0.5,69.9
2025-04-17T19:43:08.445257+00:00,188.634,111.8,0.5,61.0
2025-04-17T19:43:08.571065+00:00,188.760,116.1,0.5,60.3
2025-04-17T19:43:08.681198+00:00,188.870,118.2,0.5,51.1
2025-04-17T19:43:08.805284+00:00,188.994,117.0,0.5,83.4
2025-04-17T19:43:08.915229+00:00,189.104,113.4,0.5,67.2
2025-04-17T19:43:09.037674+00:00,189.226,107.6,0.5,64.9
2025-04-17T19:43:09.144975+00:00,189.333,97.1,0.5,46.6
2025-04-17T19:43:09.269493+00:00,189.458,88.2,0.5,74.9
2025-04-17T19:43:09.377283+00:00,189.566,77.0,0.5,76.0
2025-04-17T19:43:09.504642+00:00,189.693,70.5,0.5,80.1
2025-04-17T19:43:09.612405+00:00,189.801,65.0,0.5,79.7
2025-04-17T19:43:09.735729+00:00,189.924,63.7,0.5,0.0
2025-04-17T19:43:09.844894+00:00,190.033,64.3,0.5,75.3
2025-04-17T19:43:09.968946+00:00,190.157,67.8,0.5,74.0
2025-04-17T19:43:10.077951+00:00,190.266,76.2,0.5,68.7
2025-04-17T19:43:10.202906+00:00,190.391,84.7,0.5,68.9
2025-04-17T19:43:10.310068+00:00,190.499,96.5,0.5,77.4
2025-04-17T19:43:10.448085+00:00,190.637,106.5,0.5,54.0
2025-04-17T19:43:10.572639+00:00,190.761,112.3,0.5,0.0
2025-04-17T19:43:10.681156+00:00,190.870,115.1,0.5,38.4
2025-04-17T19:43:10.804851+00:00,190.993,115.7,0.5,0.0
2025-04-17T19:43:10.916353+00:00,191.105,114.4,0.5,77.3
2025-04-17T19:43:11.039116+00:00,191.228,110.6,0.5,76.1
2025-04-17T19:43:11.147545+00:00,191.336,102.6,0.5,50.9
2025-04-17T19:43:11.271421+00:00,191.460,94.6,0.5,0.0
2025-04-17T19:43:11.380128+00:00,191.569,82.5,0.5,45.1
2025-04-17T19:43:11.504138+00:00,191.693,74.0,0.5,55.7
2025-04-17T19:43:11.610982+00:00,191.799,65.6,0.5,62.5
2025-04-17T19:43:11.736355+00:00,191.925,61.6,0.5,69.2
2025-04-17T19:43:11.843483+00:00,192.032,59.7,0.5,0.0
2025-04-17T19:43:11.969002+00:00,192.158,60.3,0.5,68.1
2025-04-17T19:43:12.076679+00:00,192.265,63.4,0.5,0.0
2025-04-17T19:43:12.200821+00:00,192.389,71.1,0.5,77.6
2025-04-17T19:43:12.307228+00:00,192.496,82.1,0.5,73.5
2025-04-17T19:43:12.447229+00:00,192.636,94.0,0.5,82.1
2025-04-17T19:43:12.570834+00:00,192.759,101.8,0.5,75.4
2025-04-17T19:43:12.677835+00:00,192.866,109.7,0.5,66.3
2025-04-17T19:43:12.802691+00:00,192.991,113.2,0.5,62.8
2025-04-17T19:43:12.911598+00:00,193.100,114.7,0.5,0.0
2025-04-17T19:43:13.035013+00:00,193.224,114.1,0.5,79.1
2025-04-17T19:43:13.144347+00:00,193.333,109.2,0.5,73.8
2025-04-17T19:43:13.268060+00:00,193.457,103.1,0.5,63.3
2025-04-17T19:43:13.375493+00:00,193.564,92.6,0.5,54.4
2025-04-17T19:43:13.514639+00:00,193.703,80.8,0.5,41.1
2025-04-17T19:43:13.638560+00:00,193.827,72.9,0.5,55.5
2025-04-17T19:43:13.746652+00:00,193.935,65.3,0.5,52.8
2025-04-17T19:43:13.871062+00:00,194.060,61.8,0.5,69.9
2025-04-17T19:43:13.982236+00:00,194.171,60.5,0.5,0.0
2025-04-17T19:43:14.103288+00:00,194.292,61.2,0.5,67.7
2025-04-17T19:43:14.213488+00:00,194.402,66.0,0.5,54.0
2025-04-17T19:43:14.337927+00:00,194.526,72.1,0.5,78.7
2025-04-17T19:43:14.447366+00:00,194.636,82.9,0.5,60.8
2025-04-17T19:43:14.571244+00:00,194.760,91.3,0.5,80.8
2025-04-17T19:43:14.679212+00:00,194.868,100.9,0.5,64.9
2025-04-17T19:43:14.802948+00:00,194.991,106.2,0.5,61.8
2025-04-17T19:43:14.911294+00:00,195.100,110.0,0.5,62.3
2025-04-17T19:43:15.038805+00:00,195.227,110.0,0.5,0.0
2025-04-17T19:43:15.146516+00:00,195.335,107.6,0.5,77.3
2025-04-17T19:43:15.270274+00:00,195.459,103.3,0.5,77.5
2025-04-17T19:43:15.378265+00:00,195.567,94.6,0.5,67.4
2025-04-17T19:43:15.503925+00:00,195.692,96.4,0.5,45.7
2025-04-17T19:43:15.612368+00:00,195.801,85.1,0.5,45.4
2025-04-17T19:43:15.737834+00:00,195.926,77.6,0.5,47.2
2025-04-17T19:43:15.845532+00:00,196.034,70.5,0.5,58.3
2025-04-17T19:43:15.969932+00:00,196.158,68.7,0.5,48.8
2025-04-17T19:43:16.076457+00:00,196.265,68.7,0.5,0.0
2025-04-17T19:43:16.215252+00:00,196.404,71.3,0.5,35.0
2025-04-17T19:43:16.339641+00:00,196.528,76.0,0.5,0.0
2025-04-17T19:43:16.482284+00:00,196.671,87.9,0.5,36.5
2025-04-17T19:43:16.606574+00:00,196.795,96.6,0.5,0.0
2025-04-17T19:43:16.746498+00:00,196.935,110.2,0.5,43.2
2025-04-17T19:43:16.872066+00:00,197.061,116.3,0.5,44.5
2025-04-17T19:43:16.981102+00:00,197.170,120.9,0.5,33.7
2025-04-17T19:43:17.105046+00:00,197.294,121.4,0.5,0.0
2025-04-17T19:43:17.212957+00:00,197.401,119.4,0.5,46.0
2025-04-17T19:43:17.338583+00:00,197.527,115.3,0.5,43.3
2025-04-17T19:43:17.447431+00:00,197.636,106.6,0.5,29.2
2025-04-17T19:43:17.572879+00:00,197.761,98.0,0.5,36.0
2025-04-17T19:43:17.681156+00:00,197.870,85.2,0.5,25.0
2025-04-17T19:43:17.805505+00:00,197.994,75.9,0.5,35.7
2025-04-17T19:43:17.912986+00:00,198.101,66.3,0.5,42.4
2025-04-17T19:43:18.037587+00:00,198.226,61.8,0.5,46.1
2025-04-17T19:43:18.146531+00:00,198.335,59.6,0.5,0.0
2025-04-17T19:43:18.271154+00:00,198.460,59.6,0.5,0.0
2025-04-17T19:43:18.379058+00:00,198.568,64.2,0.5,36.6
2025-04-17T19:43:18.502866+00:00,198.691,70.3,0.5,43.6
2025-04-17T19:43:18.610146+00:00,198.799,81.3,0.5,45.8
2025-04-17T19:43:18.735604+00:00,198.924,90.7,0.5,47.2
2025-04-17T19:43:18.842794+00:00,199.031,102.7,0.5,45.6
2025-04-17T19:43:18.967599+00:00,199.156,110.2,0.5,42.0
2025-04-17T19:43:19.074950+00:00,199.263,115.7,0.5,0.0
2025-04-17T19:43:19.200801+00:00,199.389,119.6,0.5,46.4
2025-04-17T19:43:19.310316+00:00,199.499,119.6,0.5,0.0
2025-04-17T19:43:19.434542+00:00,199.623,116.7,0.5,46.7
2025-04-17T19:43:19.542706+00:00,199.731,109.3,0.5,37.9
2025-04-17T19:43:19.668830+00:00,199.857,101.4,0.5,34.7
2025-04-17T19:43:19.775078+00:00,199.964,92.4,0.5,0.0
2025-04-17T19:43:19.900927+00:00,200.089,80.5,0.5,38.2
2025-04-17T19:43:20.008797+00:00,200.197,73.1,0.5,0.0
2025-04-17T19:43:20.134035+00:00,200.323,65.7,0.5,46.4
2025-04-17T19:43:20.242216+00:00,200.431,61.8,0.5,46.5
2025-04-17T19:43:20.382897+00:00,200.571,61.8,0.5,0.0
2025-04-17T19:43:20.505263+00:00,200.694,64.1,0.5,0.0
2025-04-17T19:43:20.614334+00:00,200.803,70.8,0.5,37.7
2025-04-17T19:43:20.738670+00:00,200.927,78.1,0.5,48.8
2025-04-17T19:43:20.845655+00:00,201.034,89.2,0.5,49.4
2025-04-17T19:43:20.971119+00:00,201.160,97.2,0.5,45.8
2025-04-17T19:43:21.079476+00:00,201.268,105.7,0.5,37.1
2025-04-17T19:43:21.206501+00:00,201.395,110.1,0.5,38.5
2025-04-17T19:43:21.314511+00:00,201.503,111.1,0.5,30.4
2025-04-17T19:43:21.438002+00:00,201.627,111.1,0.5,0.0
2025-04-17T19:43:21.544334+00:00,201.733,107.9,0.5,49.2
2025-04-17T19:43:21.670065+00:00,201.859,103.0,0.5,41.9
2025-04-17T19:43:21.776760+00:00,201.965,94.0,0.5,37.5
2025-04-17T19:43:21.902461+00:00,202.091,86.1,0.5,36.8
2025-04-17T19:43:22.010259+00:00,202.199,78.6,0.5,0.0
2025-04-17T19:43:22.135119+00:00,202.324,74.3,0.5,37.0
2025-04-17T19:43:22.244509+00:00,202.433,73.2,0.5,41.1
2025-04-17T19:43:22.369223+00:00,202.558,73.2,0.5,0.0
2025-04-17T19:43:22.475270+00:00,202.664,73.2,0.5,0.0
2025-04-17T19:43:22.614880+00:00,202.803,77.7,0.5,27.4
2025-04-17T19:43:22.738988+00:00,202.927,83.1,0.5,43.2
2025-04-17T19:43:22.847208+00:00,203.036,92.8,0.5,43.1
2025-04-17T19:43:22.971860+00:00,203.160,100.6,0.5,55.4
2025-04-17T19:43:23.081334+00:00,203.270,109.3,0.5,36.7
2025-04-17T19:43:23.204217+00:00,203.393,114.0,0.5,39.7
2025-04-17T19:43:23.310823+00:00,203.499,116.9,0.5,0.0
2025-04-17T19:43:23.434944+00:00,203.623,116.9,0.5,0.0
2025-04-17T19:43:23.542570+00:00,203.731,114.3,0.5,46.7
2025-04-17T19:43:23.669511+00:00,203.858,110.1,0.5,42.0
2025-04-17T19:43:23.777999+00:00,203.967,101.9,0.5,36.4
2025-04-17T19:43:23.903301+00:00,204.092,93.8,0.5,35.3
2025-04-17T19:43:24.012015+00:00,204.201,82.1,0.5,35.4
2025-04-17T19:43:24.136507+00:00,204.325,74.3,0.5,37.4
2025-04-17T19:43:24.247298+00:00,204.436,68.3,0.5,37.8
2025-04-17T19:43:24.369888+00:00,204.558,67.5,0.5,47.3
2025-04-17T19:43:24.475654+00:00,204.664,67.5,0.5,0.0
2025-04-17T19:43:24.602204+00:00,204.791,68.4,0.5,44.3
2025-04-17T19:43:24.708336+00:00,204.897,72.6,0.5,0.0
2025-04-17T19:43:24.833889+00:00,205.022,81.2,0.5,42.8
2025-04-17T19:43:24.942117+00:00,205.131,92.3,0.5,47.0
2025-04-17T19:43:25.068483+00:00,205.257,100.8,0.5,46.8
2025-04-17T19:43:25.176519+00:00,205.365,108.6,0.5,0.0
2025-04-17T19:43:25.301301+00:00,205.490,116.4,0.5,39.5
2025-04-17T19:43:25.408619+00:00,205.597,120.6,0.5,42.0
2025-04-17T19:43:25.547902+00:00,205.736,120.6,0.5,0.0
2025-04-17T19:43:25.672565+00:00,205.861,118.8,0.5,46.5
2025-04-17T19:43:25.781110+00:00,205.970,112.6,0.5,27.6
2025-04-17T19:43:25.904592+00:00,206.093,105.3,0.5,35.8
2025-04-17T19:43:26.014518+00:00,206.203,96.1,0.5,33.4
2025-04-17T19:43:26.138087+00:00,206.327,82.6,0.5,30.9
2025-04-17T19:43:26.247328+00:00,206.435,70.7,0.5,25.0
2025-04-17T19:43:26.371799+00:00,206.560,64.5,0.5,40.3
2025-04-17T19:43:26.481768+00:00,206.670,59.8,0.5,42.7
2025-04-17T19:43:26.604403+00:00,206.793,59.3,0.5,0.0
2025-04-17T19:43:26.712149+00:00,206.901,61.4,0.5,43.9
2025-04-17T19:43:26.837102+00:00,207.026,65.7,0.5,43.8
2025-04-17T19:43:26.944860+00:00,207.133,74.7,0.5,46.1
2025-04-17T19:43:27.069323+00:00,207.258,83.1,0.5,49.2
2025-04-17T19:43:27.177240+00:00,207.366,94.5,0.5,44.0
2025-04-17T19:43:27.302664+00:00,207.491,102.1,0.5,40.6
2025-04-17T19:43:27.409337+00:00,207.598,109.5,0.5,37.4
2025-04-17T19:43:27.548811+00:00,207.737,113.0,0.5,30.9
2025-04-17T19:43:27.673852+00:00,207.862,113.0,0.5,0.0
2025-04-17T19:43:27.812581+00:00,208.001,109.0,0.5,38.6
2025-04-17T19:43:27.938165+00:00,208.127,103.3,0.5,41.4
2025-04-17T19:43:28.046673+00:00,208.235,92.8,0.5,28.1
2025-04-17T19:43:28.170709+00:00,208.359,83.8,0.5,36.0
2025-04-17T19:43:28.278736+00:00,208.467,72.4,0.5,37.1
2025-04-17T19:43:28.402718+00:00,208.591,65.8,0.5,38.7
2025-04-17T19:43:28.511337+00:00,208.700,60.0,0.5,47.7
2025-04-17T19:43:28.637586+00:00,208.826,58.5,0.5,0.0
2025-04-17T19:43:28.745545+00:00,208.934,58.5,0.5,0.0
2025-04-17T19:43:28.869984+00:00,209.058,61.5,0.5,42.5
2025-04-17T19:43:28.977220+00:00,209.166,68.6,0.5,43.5
2025-04-17T19:43:29.103675+00:00,209.292,76.1,0.5,47.8
